player_id,name,age,number,position,photo,team_name,team_id
16380,H. Galíndez,38.0,1.0,Goalkeeper,https://media.api-sports.io/football/players/16380.png,Ecuador,2382
81224,M. Ramírez,25.0,12.0,Goalkeeper,https://media.api-sports.io/football/players/81224.png,Ecuador,2382
16642,G. Valle,29.0,22.0,Goalkeeper,https://media.api-sports.io/football/players/16642.png,Ecuador,2382
46731,P. Estupiñán,27.0,7.0,Defender,https://media.api-sports.io/football/players/46731.png,Ecuador,2382
127817,P. Hincapié,23.0,3.0,Defender,https://media.api-sports.io/football/players/127817.png,Ecuador,2382
306940,Y. Medina,21.0,26.0,Defender,https://media.api-sports.io/football/players/306940.png,Ecuador,2382
354027,J. Ordoñez,21.0,4.0,Defender,https://media.api-sports.io/football/players/354027.png,Ecuador,2382
16367,W. Pacho,24.0,6.0,Defender,https://media.api-sports.io/football/players/16367.png,Ecuador,2382
2575,J. Porozo,25.0,25.0,Defender,https://media.api-sports.io/football/players/2575.png,Ecuador,2382
2583,A. Preciado,27.0,17.0,Defender,https://media.api-sports.io/football/players/2583.png,Ecuador,2382
63964,F. Torres,28.0,2.0,Defender,https://media.api-sports.io/football/players/63964.png,Ecuador,2382
16470,J. Alcívar,26.0,5.0,Midfielder,https://media.api-sports.io/football/players/16470.png,Ecuador,2382
116117,M. Caicedo,24.0,23.0,Midfielder,https://media.api-sports.io/football/players/116117.png,Ecuador,2382
338045,D. Castillo,21.0,6.0,Midfielder,https://media.api-sports.io/football/players/338045.png,Ecuador,2382
16360,A. Franco,27.0,21.0,Midfielder,https://media.api-sports.io/football/players/16360.png,Ecuador,2382
406303,K. Páez,18.0,10.0,Midfielder,https://media.api-sports.io/football/players/406303.png,Ecuador,2382
280695,A. Minda,22.0,14.0,Midfielder,https://media.api-sports.io/football/players/280695.png,Ecuador,2382
198347,A. Valencia,22.0,8.0,Midfielder,https://media.api-sports.io/football/players/198347.png,Ecuador,2382
237078,P. Vite,23.0,15.0,Midfielder,https://media.api-sports.io/football/players/237078.png,Ecuador,2382
361966,K. Rodríguez,25.0,11.0,Attacker,https://media.api-sports.io/football/players/361966.png,Ecuador,2382
25414,J. Yeboah,25.0,9.0,Midfielder,https://media.api-sports.io/football/players/25414.png,Ecuador,2382
311543,N. Angulo,22.0,20.0,Midfielder,https://media.api-sports.io/football/players/311543.png,Ecuador,2382
16590,J. Caicedo,28.0,16.0,Attacker,https://media.api-sports.io/football/players/16590.png,Ecuador,2382
350799,Jeremy Arévalo,20.0,24.0,Attacker,https://media.api-sports.io/football/players/350799.png,Ecuador,2382
16369,G. Plata,25.0,19.0,Attacker,https://media.api-sports.io/football/players/16369.png,Ecuador,2382
35533,E. Valencia,36.0,13.0,Attacker,https://media.api-sports.io/football/players/35533.png,Ecuador,2382
1106,C. Gordon,43.0,21.0,Goalkeeper,https://media.api-sports.io/football/players/1106.png,Scotland,1108
18933,A. Gunn,29.0,1.0,Goalkeeper,https://media.api-sports.io/football/players/18933.png,Scotland,1108
44937,L. Kelly,29.0,12.0,Goalkeeper,https://media.api-sports.io/football/players/44937.png,Scotland,1108
19066,G. Hanley,34.0,5.0,Defender,https://media.api-sports.io/football/players/19066.png,Scotland,1108
1111,J. Hendry,30.0,13.0,Defender,https://media.api-sports.io/football/players/1111.png,Scotland,1108
44871,A. Hickey,23.0,2.0,Defender,https://media.api-sports.io/football/players/44871.png,Scotland,1108
19987,D. Hyam,30.0,16.0,Defender,https://media.api-sports.io/football/players/19987.png,Scotland,1108
44811,S. McKenna,29.0,26.0,Defender,https://media.api-sports.io/football/players/44811.png,Scotland,1108
138417,N. Patterson,24.0,22.0,Defender,https://media.api-sports.io/football/players/138417.png,Scotland,1108
1115,A. Ralston,27.0,24.0,Defender,https://media.api-sports.io/football/players/1115.png,Scotland,1108
289,A. Robertson,31.0,3.0,Defender,https://media.api-sports.io/football/players/289.png,Scotland,1108
44865,J. Souttar,29.0,15.0,Defender,https://media.api-sports.io/football/players/44865.png,Scotland,1108
1117,K. Tierney,28.0,6.0,Defender,https://media.api-sports.io/football/players/1117.png,Scotland,1108
1125,R. Christie,30.0,11.0,Midfielder,https://media.api-sports.io/football/players/1125.png,Scotland,1108
44814,L. Ferguson,26.0,19.0,Midfielder,https://media.api-sports.io/football/players/44814.png,Scotland,1108
557460,T. Fletcher,18.0,8.0,Midfielder,https://media.api-sports.io/football/players/557460.png,Scotland,1108
19191,J.  McGinn,31.0,7.0,Midfielder,https://media.api-sports.io/football/players/19191.png,Scotland,1108
19077,K. McLean,33.0,23.0,Midfielder,https://media.api-sports.io/football/players/19077.png,Scotland,1108
903,S. McTominay,29.0,4.0,Midfielder,https://media.api-sports.io/football/players/903.png,Scotland,1108
19524,C. Adams,29.0,10.0,Attacker,https://media.api-sports.io/football/players/19524.png,Scotland,1108
45307,L. Dykes,30.0,9.0,Attacker,https://media.api-sports.io/football/players/45307.png,Scotland,1108
343576,B. Doak,20.0,17.0,Midfielder,https://media.api-sports.io/football/players/343576.png,Scotland,1108
8794,G. Hirst,26.0,18.0,Attacker,https://media.api-sports.io/football/players/8794.png,Scotland,1108
45175,L. Shankland,30.0,20.0,Attacker,https://media.api-sports.io/football/players/45175.png,Scotland,1108
45078,R. Stewart,29.0,14.0,Attacker,https://media.api-sports.io/football/players/45078.png,Scotland,1108
433272,Findlay Curtis,19.0,25.0,Attacker,https://media.api-sports.io/football/players/433272.png,Scotland,1108
22221,M. Maignan,30.0,16.0,Goalkeeper,https://media.api-sports.io/football/players/22221.png,France,2
347211,R. Risser,21.0,23.0,Goalkeeper,https://media.api-sports.io/football/players/347211.png,France,2
21628,B. Samba,31.0,1.0,Goalkeeper,https://media.api-sports.io/football/players/21628.png,France,2
2724,L. Digne,32.0,3.0,Defender,https://media.api-sports.io/football/players/2724.png,France,2
161907,M. Gusto,22.0,2.0,Defender,https://media.api-sports.io/football/players/161907.png,France,2
33,L. Hernández,29.0,21.0,Defender,https://media.api-sports.io/football/players/33.png,France,2
47300,T. Hernández,28.0,19.0,Defender,https://media.api-sports.io/football/players/47300.png,France,2
1145,I. Konaté,26.0,15.0,Defender,https://media.api-sports.io/football/players/1145.png,France,2
1257,J. Koundé,27.0,5.0,Defender,https://media.api-sports.io/football/players/1257.png,France,2
20995,M. Lacroix,25.0,26.0,Defender,https://media.api-sports.io/football/players/20995.png,France,2
22090,W. Saliba,24.0,17.0,Defender,https://media.api-sports.io/football/players/22090.png,France,2
1149,D. Upamecano,27.0,4.0,Defender,https://media.api-sports.io/football/players/1149.png,France,2
156477,R. Cherki,22.0,24.0,Midfielder,https://media.api-sports.io/football/players/156477.png,France,2
2290,N. Kanté,34.0,13.0,Midfielder,https://media.api-sports.io/football/players/2290.png,France,2
22147,M. Koné,24.0,6.0,Midfielder,https://media.api-sports.io/football/players/22147.png,France,2
272,A. Rabiot,30.0,14.0,Midfielder,https://media.api-sports.io/football/players/272.png,France,2
1271,A. Tchouaméni,25.0,8.0,Midfielder,https://media.api-sports.io/football/players/1271.png,France,2
336657,W. Zaïre-Emery,19.0,18.0,Midfielder,https://media.api-sports.io/football/players/336657.png,France,2
274300,M. Akliouche,23.0,25.0,Midfielder,https://media.api-sports.io/football/players/274300.png,France,2
161904,B. Barcola,23.0,12.0,Attacker,https://media.api-sports.io/football/players/161904.png,France,2
25927,J. Mateta,28.0,22.0,Attacker,https://media.api-sports.io/football/players/25927.png,France,2
153,O. Dembélé,28.0,7.0,Attacker,https://media.api-sports.io/football/players/153.png,France,2
343027,D. Doué,20.0,20.0,Attacker,https://media.api-sports.io/football/players/343027.png,France,2
278,Kylian Mbappé,27.0,10.0,Attacker,https://media.api-sports.io/football/players/278.png,France,2
21509,M. Thuram,28.0,9.0,Midfielder,https://media.api-sports.io/football/players/21509.png,France,2
19617,M. Olise,24.0,11.0,Midfielder,https://media.api-sports.io/football/players/19617.png,France,2
68988,V. Esson,34.0,12.0,Goalkeeper,https://media.api-sports.io/football/players/68988.png,New Zealand W,1716
323352,A. Leat,24.0,1.0,Goalkeeper,https://media.api-sports.io/football/players/323352.png,New Zealand W,1716
614838,Alina Santos,,,Goalkeeper,https://media.api-sports.io/football/players/614838.png,New Zealand W,1716
296967,E. Anton,27.0,19.0,Defender,https://media.api-sports.io/football/players/296967.png,New Zealand W,1716
68991,C. Bott,30.0,4.0,Defender,https://media.api-sports.io/football/players/68991.png,New Zealand W,1716
296703,C. Bunge,26.0,3.0,Defender,https://media.api-sports.io/football/players/296703.png,New Zealand W,1716
613611,M. Elliott,20.0,11.0,Defender,https://media.api-sports.io/football/players/613611.png,New Zealand W,1716
400729,M. Foster,26.0,7.0,Defender,https://media.api-sports.io/football/players/400729.png,New Zealand W,1716
614839,Ally Green,27.0,15.0,Defender,https://media.api-sports.io/football/players/614839.png,New Zealand W,1716
68994,M. Moore,29.0,5.0,Defender,https://media.api-sports.io/football/players/68994.png,New Zealand W,1716
348672,K. Taylor,22.0,2.0,Defender,https://media.api-sports.io/football/players/348672.png,New Zealand W,1716
290835,M. Hahn,24.0,16.0,Midfielder,https://media.api-sports.io/football/players/290835.png,New Zealand W,1716
613619,D. Jackson,27.0,,Midfielder,https://media.api-sports.io/football/players/613619.png,New Zealand W,1716
567271,K. Kitching,27.0,11.0,Midfielder,https://media.api-sports.io/football/players/567271.png,New Zealand W,1716
69003,A. Longo,34.0,20.0,Midfielder,https://media.api-sports.io/football/players/69003.png,New Zealand W,1716
614840,Emma Pijnenberg,21.0,6.0,Midfielder,https://media.api-sports.io/football/players/614840.png,New Zealand W,1716
613698,L. Wall,25.0,16.0,Midfielder,https://media.api-sports.io/football/players/613698.png,New Zealand W,1716
530630,G. Wisnewski,23.0,8.0,Midfielder,https://media.api-sports.io/football/players/530630.png,New Zealand W,1716
562020,H. Blake,25.0,15.0,Attacker,https://media.api-sports.io/football/players/562020.png,New Zealand W,1716
613599,K. Brown,24.0,11.0,Attacker,https://media.api-sports.io/football/players/613599.png,New Zealand W,1716
348661,G. Jale,26.0,18.0,Attacker,https://media.api-sports.io/football/players/348661.png,New Zealand W,1716
379900,E. Clegg,20.0,9.0,Attacker,https://media.api-sports.io/football/players/379900.png,New Zealand W,1716
323341,G. Rennie,24.0,9.0,Attacker,https://media.api-sports.io/football/players/323341.png,New Zealand W,1716
76185,I. Riley,24.0,10.0,Attacker,https://media.api-sports.io/football/players/76185.png,New Zealand W,1716
580979,P. Vlok,17.0,10.0,Attacker,https://media.api-sports.io/football/players/580979.png,New Zealand W,1716
2890,Jo Hyeon-Woo,34.0,21.0,Goalkeeper,https://media.api-sports.io/football/players/2890.png,South Korea,17
2892,Kim Seung-Gyu,35.0,12.0,Goalkeeper,https://media.api-sports.io/football/players/2892.png,South Korea,17
34374,Song Bum-Keun,28.0,1.0,Goalkeeper,https://media.api-sports.io/football/players/34374.png,South Korea,17
547307,Cho Wi-Je,24.0,5.0,Defender,https://media.api-sports.io/football/players/547307.png,South Korea,17
2897,Kim Min-Jae,29.0,2.0,Defender,https://media.api-sports.io/football/players/2897.png,South Korea,17
2912,Kim Moon-Hwan,30.0,15.0,Defender,https://media.api-sports.io/football/players/2912.png,South Korea,17
34418,Kim Tae-Hyeon,25.0,9.0,Defender,https://media.api-sports.io/football/players/34418.png,South Korea,17
237218,Lee Han-Beom,23.0,18.0,Defender,https://media.api-sports.io/football/players/237218.png,South Korea,17
99211,Park Jin-Seop,30.0,22.0,Midfielder,https://media.api-sports.io/football/players/99211.png,South Korea,17
237220,Lee Tae-Seok,23.0,7.0,Midfielder,https://media.api-sports.io/football/players/237220.png,South Korea,17
197985,Seol Young-Woo,27.0,16.0,Midfielder,https://media.api-sports.io/football/players/197985.png,South Korea,17
280358,J. Castrop,22.0,19.0,Midfielder,https://media.api-sports.io/football/players/280358.png,South Korea,17
304951,Lee Gi-Hyuk,25.0,10.0,Defender,https://media.api-sports.io/football/players/304951.png,South Korea,17
357286,Bae Jun-Ho,22.0,25.0,Attacker,https://media.api-sports.io/football/players/357286.png,South Korea,17
237050,Eom Ji-Sung,23.0,23.0,Attacker,https://media.api-sports.io/football/players/237050.png,South Korea,17
2901,Hwang In-Beom,29.0,24.0,Midfielder,https://media.api-sports.io/football/players/2901.png,South Korea,17
34168,Kim Jin-Gyu,28.0,25.0,Midfielder,https://media.api-sports.io/football/players/34168.png,South Korea,17
34431,Lee Dong-Gyeong,28.0,11.0,Attacker,https://media.api-sports.io/football/players/34431.png,South Korea,17
2906,Lee Jae-Sung,33.0,8.0,Midfielder,https://media.api-sports.io/football/players/2906.png,South Korea,17
927,Lee Kang-In,24.0,17.0,Midfielder,https://media.api-sports.io/football/players/927.png,South Korea,17
2909,Paik Seung-Ho,28.0,4.0,Midfielder,https://media.api-sports.io/football/players/2909.png,South Korea,17
304958,Yang Hyun-Jun,23.0,26.0,Attacker,https://media.api-sports.io/football/players/304958.png,South Korea,17
24888,Hwang Hee-Chan,29.0,20.0,Attacker,https://media.api-sports.io/football/players/24888.png,South Korea,17
34211,Cho Gue-Sung,28.0,14.0,Attacker,https://media.api-sports.io/football/players/34211.png,South Korea,17
34710,Oh Hyeon-Gyu,24.0,3.0,Attacker,https://media.api-sports.io/football/players/34710.png,South Korea,17
186,Son Heung-Min,33.0,13.0,Attacker,https://media.api-sports.io/football/players/186.png,South Korea,17
42207,Mahmud Abunada,25.0,1.0,Goalkeeper,https://media.api-sports.io/football/players/42207.png,Qatar,1569
42021,Meshaal Barsham,27.0,22.0,Goalkeeper,https://media.api-sports.io/football/players/42021.png,Qatar,1569
136503,Salah Zakaria,26.0,21.0,Goalkeeper,https://media.api-sports.io/football/players/136503.png,Qatar,1569
175439,Homam Ahmed,26.0,14.0,Defender,https://media.api-sports.io/football/players/175439.png,Qatar,1569
42060,Sultan Al Braik,29.0,18.0,Defender,https://media.api-sports.io/football/players/42060.png,Qatar,1569
542542,A. Al Hussain,22.0,25.0,Defender,https://media.api-sports.io/football/players/542542.png,Qatar,1569
542548,A. Al Oui,20.0,13.0,Defender,https://media.api-sports.io/football/players/542548.png,Qatar,1569
200981,Jassem Gaber,23.0,5.0,Midfielder,https://media.api-sports.io/football/players/200981.png,Qatar,1569
2532,Boualem Khoukhi,35.0,16.0,Defender,https://media.api-sports.io/football/players/2532.png,Qatar,1569
42288,Lucas Mendes,35.0,3.0,Defender,https://media.api-sports.io/football/players/42288.png,Qatar,1569
366516,G. Laye,27.0,4.0,Midfielder,https://media.api-sports.io/football/players/366516.png,Qatar,1569
2530,Pedro Miguel,35.0,2.0,Defender,https://media.api-sports.io/football/players/2530.png,Qatar,1569
2535,Assim Madibo,29.0,23.0,Midfielder,https://media.api-sports.io/football/players/2535.png,Qatar,1569
42286,Ahmed Al Ganehi,25.0,17.0,Attacker,https://media.api-sports.io/football/players/42286.png,Qatar,1569
2533,Abdulaziz Hatem,35.0,6.0,Midfielder,https://media.api-sports.io/football/players/2533.png,Qatar,1569
2537,Karim Boudiaf,35.0,12.0,Midfielder,https://media.api-sports.io/football/players/2537.png,Qatar,1569
2539,Ahmed Fathi,32.0,20.0,Midfielder,https://media.api-sports.io/football/players/2539.png,Qatar,1569
2545,Hassan Al Haydos,35.0,10.0,Attacker,https://media.api-sports.io/football/players/2545.png,Qatar,1569
283174,Mohamed Al Manai,22.0,26.0,Midfielder,https://media.api-sports.io/football/players/283174.png,Qatar,1569
542541,Y. Abdurisag,26.0,15.0,Attacker,https://media.api-sports.io/football/players/542541.png,Qatar,1569
2544,Akram Afif,29.0,11.0,Attacker,https://media.api-sports.io/football/players/2544.png,Qatar,1569
2542,Ahmed Alaa,32.0,7.0,Attacker,https://media.api-sports.io/football/players/2542.png,Qatar,1569
2543,Almoez Ali,29.0,19.0,Attacker,https://media.api-sports.io/football/players/2543.png,Qatar,1569
42075,Edmilson Junior,31.0,8.0,Attacker,https://media.api-sports.io/football/players/42075.png,Qatar,1569
423737,Tahsin Jamshid,19.0,24.0,Attacker,https://media.api-sports.io/football/players/423737.png,Qatar,1569
42089,Mohammed Muntari,32.0,9.0,Attacker,https://media.api-sports.io/football/players/42089.png,Qatar,1569
304782,T. Hayakawa,26.0,23.0,Goalkeeper,https://media.api-sports.io/football/players/304782.png,Japan,12
33034,K. Osako,26.0,12.0,Goalkeeper,https://media.api-sports.io/football/players/33034.png,Japan,12
199578,Z. Suzuki,23.0,1.0,Goalkeeper,https://media.api-sports.io/football/players/199578.png,Japan,12
38114,K. Itakura,28.0,4.0,Defender,https://media.api-sports.io/football/players/38114.png,Japan,12
32893,H. Ito,26.0,21.0,Defender,https://media.api-sports.io/football/players/32893.png,Japan,12
440,Y. Nagatomo,39.0,5.0,Defender,https://media.api-sports.io/football/players/440.png,Japan,12
33165,A. Seko,25.0,20.0,Defender,https://media.api-sports.io/football/players/33165.png,Japan,12
32887,Y. Sugawara,25.0,2.0,Defender,https://media.api-sports.io/football/players/32887.png,Japan,12
351014,J. Suzuki,22.0,25.0,Defender,https://media.api-sports.io/football/players/351014.png,Japan,12
32954,S. Taniguchi,34.0,3.0,Defender,https://media.api-sports.io/football/players/32954.png,Japan,12
2597,T. Tomiyasu,27.0,15.0,Defender,https://media.api-sports.io/football/players/2597.png,Japan,12
32858,T. Watanabe,28.0,16.0,Defender,https://media.api-sports.io/football/players/32858.png,Japan,12
2598,R. Doan,27.0,10.0,Midfielder,https://media.api-sports.io/football/players/2598.png,Japan,12
8500,W. Endo,32.0,6.0,Midfielder,https://media.api-sports.io/football/players/8500.png,Japan,12
2601,D. Kamada,29.0,15.0,Midfielder,https://media.api-sports.io/football/players/2601.png,Japan,12
33889,K. Sano,25.0,24.0,Midfielder,https://media.api-sports.io/football/players/33889.png,Japan,12
32966,A. Tanaka,27.0,7.0,Midfielder,https://media.api-sports.io/football/players/32966.png,Japan,12
1942,J. Ito,32.0,14.0,Attacker,https://media.api-sports.io/football/players/1942.png,Japan,12
32862,T. Kubo,24.0,8.0,Attacker,https://media.api-sports.io/football/players/32862.png,Japan,12
33224,D. Maeda,28.0,11.0,Attacker,https://media.api-sports.io/football/players/33224.png,Japan,12
33321,Keito Nakamura,25.0,13.0,Midfielder,https://media.api-sports.io/football/players/33321.png,Japan,12
199143,Y. Suzuki,24.0,17.0,Midfielder,https://media.api-sports.io/football/players/199143.png,Japan,12
375930,K. Goto,20.0,9.0,Attacker,https://media.api-sports.io/football/players/375930.png,Japan,12
33289,Koki Ogawa,28.0,19.0,Attacker,https://media.api-sports.io/football/players/33289.png,Japan,12
422572,K. Shiogai,20.0,26.0,Attacker,https://media.api-sports.io/football/players/422572.png,Japan,12
72155,A. Ueda,27.0,18.0,Attacker,https://media.api-sports.io/football/players/72155.png,Japan,12
2701,Y. Bounou,34.0,1.0,Goalkeeper,https://media.api-sports.io/football/players/2701.png,Morocco,31
2702,M. Mohamedi,36.0,12.0,Goalkeeper,https://media.api-sports.io/football/players/2702.png,Morocco,31
2703,A. Tagnaouti,29.0,22.0,Goalkeeper,https://media.api-sports.io/football/players/2703.png,Morocco,31
21694,N. Aguerd,29.0,5.0,Defender,https://media.api-sports.io/football/players/21694.png,Morocco,31
18814,I. Diop,28.0,14.0,Defender,https://media.api-sports.io/football/players/18814.png,Morocco,31
283252,Z. El Ouahdi,24.0,13.0,Defender,https://media.api-sports.io/football/players/283252.png,Morocco,31
9,A. Hakimi,27.0,2.0,Defender,https://media.api-sports.io/football/players/9.png,Morocco,31
326183,R. Halhal,22.0,25.0,Defender,https://media.api-sports.io/football/players/326183.png,Morocco,31
545,N. Mazraoui,28.0,3.0,Defender,https://media.api-sports.io/football/players/545.png,Morocco,31
278898,C. Riad,22.0,18.0,Defender,https://media.api-sports.io/football/players/278898.png,Morocco,31
162451,A. Salah-Eddine,24.0,26.0,Defender,https://media.api-sports.io/football/players/162451.png,Morocco,31
146772,Y. Belammari,27.0,19.0,Defender,https://media.api-sports.io/football/players/146772.png,Morocco,31
74,S. Amrabat,29.0,4.0,Midfielder,https://media.api-sports.io/football/players/74.png,Morocco,31
438688,A. Bouaddi,18.0,6.0,Midfielder,https://media.api-sports.io/football/players/438688.png,Morocco,31
277003,N. El Aynaoui,24.0,24.0,Midfielder,https://media.api-sports.io/football/players/277003.png,Morocco,31
340573,B. El Khannouss,21.0,23.0,Midfielder,https://media.api-sports.io/football/players/340573.png,Morocco,31
415431,S. El Mourabet,20.0,15.0,Midfielder,https://media.api-sports.io/football/players/415431.png,Morocco,31
129678,A. Ounahi,25.0,8.0,Midfielder,https://media.api-sports.io/football/players/129678.png,Morocco,31
161897,I. Saibari,24.0,11.0,Attacker,https://media.api-sports.io/football/players/161897.png,Morocco,31
336659,C. Talbi,20.0,7.0,Midfielder,https://media.api-sports.io/football/players/336659.png,Morocco,31
369544,Gessime Yassine,20.0,16.0,Attacker,https://media.api-sports.io/football/players/369544.png,Morocco,31
744,Brahim Díaz,26.0,10.0,Midfielder,https://media.api-sports.io/football/players/744.png,Morocco,31
535046,A. Amaimouni,20.0,21.0,Midfielder,https://media.api-sports.io/football/players/535046.png,Morocco,31
2722,A. El Kaabi,32.0,20.0,Attacker,https://media.api-sports.io/football/players/2722.png,Morocco,31
181421,A. Ezzalzouli,24.0,17.0,Midfielder,https://media.api-sports.io/football/players/181421.png,Morocco,31
36579,S. Rahimi,29.0,9.0,Attacker,https://media.api-sports.io/football/players/36579.png,Morocco,31
2481,Á. Montero,30.0,24.0,Goalkeeper,https://media.api-sports.io/football/players/2481.png,Colombia,8
313,D. Ospina,37.0,1.0,Goalkeeper,https://media.api-sports.io/football/players/313.png,Colombia,8
2482,C. Vargas,36.0,12.0,Goalkeeper,https://media.api-sports.io/football/players/2482.png,Colombia,8
30,S. Arias,33.0,4.0,Defender,https://media.api-sports.io/football/players/30.png,Colombia,8
13571,W. Ditta,28.0,18.0,Defender,https://media.api-sports.io/football/players/13571.png,Colombia,8
1929,J. Lucumí,27.0,3.0,Defender,https://media.api-sports.io/football/players/1929.png,Colombia,8
2483,D. Machado,32.0,22.0,Defender,https://media.api-sports.io/football/players/2483.png,Colombia,8
2484,Y. Mina,31.0,13.0,Defender,https://media.api-sports.io/football/players/2484.png,Colombia,8
64268,J. Mojica,33.0,17.0,Defender,https://media.api-sports.io/football/players/64268.png,Colombia,8
13736,D. Muñoz,29.0,2.0,Defender,https://media.api-sports.io/football/players/13736.png,Colombia,8
324034,G. Puerta,22.0,14.0,Midfielder,https://media.api-sports.io/football/players/324034.png,Colombia,8
168,D. Sánchez,29.0,23.0,Defender,https://media.api-sports.io/football/players/168.png,Colombia,8
289592,K. Castaño,25.0,5.0,Midfielder,https://media.api-sports.io/football/players/289592.png,Colombia,8
2490,J. Lerma,31.0,16.0,Midfielder,https://media.api-sports.io/football/players/2490.png,Colombia,8
13151,J. Portilla,27.0,15.0,Midfielder,https://media.api-sports.io/football/players/13151.png,Colombia,8
13708,J. Arias,28.0,11.0,Midfielder,https://media.api-sports.io/football/players/13708.png,Colombia,8
5994,J. Carrascal,27.0,8.0,Midfielder,https://media.api-sports.io/football/players/5994.png,Colombia,8
6005,J. Quintero,32.0,20.0,Midfielder,https://media.api-sports.io/football/players/6005.png,Colombia,8
195104,R. Rios,25.0,6.0,Midfielder,https://media.api-sports.io/football/players/195104.png,Colombia,8
517,J. Rodríguez,34.0,10.0,Midfielder,https://media.api-sports.io/football/players/517.png,Colombia,8
13376,J. Campaz,25.0,21.0,Midfielder,https://media.api-sports.io/football/players/13376.png,Colombia,8
24810,J. Córdoba,32.0,9.0,Attacker,https://media.api-sports.io/football/players/24810.png,Colombia,8
47582,C. Hernández,26.0,19.0,Attacker,https://media.api-sports.io/football/players/47582.png,Colombia,8
2489,L. Díaz,28.0,7.0,Midfielder,https://media.api-sports.io/football/players/2489.png,Colombia,8
345748,A. Gómez,23.0,26.0,Midfielder,https://media.api-sports.io/football/players/345748.png,Colombia,8
47237,L. Suárez,28.0,25.0,Attacker,https://media.api-sports.io/football/players/47237.png,Colombia,8
19088,D. Henderson,28.0,13.0,Goalkeeper,https://media.api-sports.io/football/players/19088.png,England,10
2932,J. Pickford,31.0,1.0,Goalkeeper,https://media.api-sports.io/football/players/2932.png,England,10
162489,J. Trafford,23.0,23.0,Goalkeeper,https://media.api-sports.io/football/players/162489.png,England,10
18961,D. Burn,33.0,15.0,Defender,https://media.api-sports.io/football/players/18961.png,England,10
67971,M. Guéhi,25.0,6.0,Defender,https://media.api-sports.io/football/players/67971.png,England,10
19545,R. James,26.0,24.0,Defender,https://media.api-sports.io/football/players/19545.png,England,10
19354,E. Konsa,28.0,2.0,Defender,https://media.api-sports.io/football/players/19354.png,England,10
158694,T. Livramento,23.0,12.0,Defender,https://media.api-sports.io/football/players/158694.png,England,10
307123,N. Oreilly,20.0,3.0,Defender,https://media.api-sports.io/football/players/307123.png,England,10
158698,J. Quansah,22.0,26.0,Defender,https://media.api-sports.io/football/players/158698.png,England,10
19235,D. Spence,25.0,25.0,Defender,https://media.api-sports.io/football/players/19235.png,England,10
626,J. Stones,31.0,5.0,Defender,https://media.api-sports.io/football/players/626.png,England,10
138908,E. Anderson,23.0,8.0,Midfielder,https://media.api-sports.io/football/players/138908.png,England,10
129718,J. Bellingham,22.0,10.0,Midfielder,https://media.api-sports.io/football/players/129718.png,England,10
19586,E. Eze,27.0,21.0,Midfielder,https://media.api-sports.io/football/players/19586.png,England,10
292,J. Henderson,35.0,14.0,Midfielder,https://media.api-sports.io/football/players/292.png,England,10
284322,K. Mainoo,20.0,16.0,Midfielder,https://media.api-sports.io/football/players/284322.png,England,10
2937,D. Rice,26.0,4.0,Midfielder,https://media.api-sports.io/football/players/2937.png,England,10
19170,M. Rogers,23.0,17.0,Midfielder,https://media.api-sports.io/football/players/19170.png,England,10
138787,A. Gordon,24.0,18.0,Attacker,https://media.api-sports.io/football/players/138787.png,England,10
184,H. Kane,32.0,9.0,Attacker,https://media.api-sports.io/football/players/184.png,England,10
136723,N. Madueke,23.0,20.0,Attacker,https://media.api-sports.io/football/players/136723.png,England,10
909,M. Rashford,28.0,11.0,Midfielder,https://media.api-sports.io/football/players/909.png,England,10
1460,B. Saka,24.0,7.0,Attacker,https://media.api-sports.io/football/players/1460.png,England,10
19974,I. Toney,29.0,22.0,Attacker,https://media.api-sports.io/football/players/19974.png,England,10
19366,O. Watkins,30.0,19.0,Midfielder,https://media.api-sports.io/football/players/19366.png,England,10
182718,Joan García,24.0,13.0,Goalkeeper,https://media.api-sports.io/football/players/182718.png,Spain,9
19465,David Raya,30.0,1.0,Goalkeeper,https://media.api-sports.io/football/players/19465.png,Spain,9
47270,Unai Simón,28.0,23.0,Goalkeeper,https://media.api-sports.io/football/players/47270.png,Spain,9
396623,Pau Cubarsí Paredes,18.0,22.0,Defender,https://media.api-sports.io/football/players/396623.png,Spain,9
47380,Marc Cucurella,27.0,24.0,Defender,https://media.api-sports.io/football/players/47380.png,Spain,9
619,Eric García,24.0,4.0,Defender,https://media.api-sports.io/football/players/619.png,Spain,9
563,Álex Grimaldo,30.0,3.0,Defender,https://media.api-sports.io/football/players/563.png,Spain,9
622,Aymeric Laporte,31.0,14.0,Defender,https://media.api-sports.io/football/players/622.png,Spain,9
753,Marcos Llorente,30.0,5.0,Midfielder,https://media.api-sports.io/football/players/753.png,Spain,9
47519,Pedro Porro,26.0,12.0,Defender,https://media.api-sports.io/football/players/47519.png,Spain,9
295793,Marc Pubill,22.0,2.0,Defender,https://media.api-sports.io/football/players/295793.png,Spain,9
296667,Gavi,21.0,9.0,Midfielder,https://media.api-sports.io/football/players/296667.png,Spain,9
47311,Mikel Merino,29.0,6.0,Midfielder,https://media.api-sports.io/football/players/47311.png,Spain,9
133609,Pedri,23.0,20.0,Midfielder,https://media.api-sports.io/football/players/133609.png,Spain,9
44,Rodri,29.0,16.0,Midfielder,https://media.api-sports.io/football/players/44.png,Spain,9
328,Fabián Ruiz,29.0,8.0,Midfielder,https://media.api-sports.io/football/players/328.png,Spain,9
47315,Martín Zubimendi,26.0,18.0,Midfielder,https://media.api-sports.io/football/players/47315.png,Spain,9
182219,Álex Baena,24.0,15.0,Midfielder,https://media.api-sports.io/football/players/182219.png,Spain,9
1323,Dani Olmo,27.0,10.0,Midfielder,https://media.api-sports.io/football/players/1323.png,Spain,9
47348,Borja Iglesias,32.0,26.0,Attacker,https://media.api-sports.io/football/players/47348.png,Spain,9
386828,Lamine Yamal,18.0,19.0,Attacker,https://media.api-sports.io/football/players/386828.png,Spain,9
338751,Víctor Muñoz,22.0,25.0,Attacker,https://media.api-sports.io/football/players/338751.png,Spain,9
47323,Mikel Oyarzabal,28.0,21.0,Attacker,https://media.api-sports.io/football/players/47323.png,Spain,9
184226,Yeremy Pino,23.0,11.0,Midfielder,https://media.api-sports.io/football/players/184226.png,Spain,9
931,Ferran Torres,25.0,7.0,Midfielder,https://media.api-sports.io/football/players/931.png,Spain,9
183799,Nico Williams,23.0,17.0,Attacker,https://media.api-sports.io/football/players/183799.png,Spain,9
4414,O. Benbot,31.0,16.0,Goalkeeper,https://media.api-sports.io/football/players/4414.png,Algeria,1532
304229,M. Mastil,25.0,1.0,Goalkeeper,https://media.api-sports.io/football/players/304229.png,Algeria,1532
732,L. Zidane,27.0,23.0,Goalkeeper,https://media.api-sports.io/football/players/732.png,Algeria,1532
342740,A. Abada,26.0,3.0,Defender,https://media.api-sports.io/football/players/342740.png,Algeria,1532
21138,R. Aït-Nouri,24.0,15.0,Defender,https://media.api-sports.io/football/players/21138.png,Algeria,1532
4561,Z. Belaïd,27.0,5.0,Defender,https://media.api-sports.io/football/players/4561.png,Algeria,1532
303362,R. Belghali,23.0,17.0,Defender,https://media.api-sports.io/football/players/303362.png,Algeria,1532
2194,R. Bensebaïni,30.0,21.0,Defender,https://media.api-sports.io/football/players/2194.png,Algeria,1532
20869,S. Chergui,26.0,26.0,Defender,https://media.api-sports.io/football/players/20869.png,Algeria,1532
271539,J. Hadjam,22.0,13.0,Defender,https://media.api-sports.io/football/players/271539.png,Algeria,1532
1567,A. Mandi,34.0,2.0,Defender,https://media.api-sports.io/football/players/1567.png,Algeria,1532
4569,M. Tougai,26.0,4.0,Defender,https://media.api-sports.io/football/players/4569.png,Algeria,1532
658,H. Aouar,27.0,8.0,Midfielder,https://media.api-sports.io/football/players/658.png,Algeria,1532
409,N. Bentaleb,31.0,19.0,Midfielder,https://media.api-sports.io/football/players/409.png,Algeria,1532
4399,H. Boudaoui,26.0,14.0,Midfielder,https://media.api-sports.io/football/players/4399.png,Algeria,1532
380587,I. Maza,20.0,22.0,Midfielder,https://media.api-sports.io/football/players/380587.png,Algeria,1532
327599,Y. Titraoui,22.0,24.0,Midfielder,https://media.api-sports.io/football/players/327599.png,Algeria,1532
129047,R. Zerrouki,27.0,6.0,Midfielder,https://media.api-sports.io/football/players/129047.png,Algeria,1532
276670,F. Chaïbi,23.0,10.0,Midfielder,https://media.api-sports.io/football/players/276670.png,Algeria,1532
200139,M. Amoura,26.0,18.0,Attacker,https://media.api-sports.io/football/players/200139.png,Algeria,1532
292924,A. Benbouali,26.0,12.0,Attacker,https://media.api-sports.io/football/players/292924.png,Algeria,1532
329163,A. Boulbina,22.0,20.0,Attacker,https://media.api-sports.io/football/players/329163.png,Algeria,1532
334915,F. Ghedjemis,23.0,25.0,Attacker,https://media.api-sports.io/football/players/334915.png,Algeria,1532
85041,A. Gouiri,25.0,9.0,Attacker,https://media.api-sports.io/football/players/85041.png,Algeria,1532
326067,A. Hadj-Moussa,23.0,11.0,Attacker,https://media.api-sports.io/football/players/326067.png,Algeria,1532
635,R. Mahrez,34.0,7.0,Attacker,https://media.api-sports.io/football/players/635.png,Algeria,1532
535737,R. Fernandez,37.0,1.0,Goalkeeper,https://media.api-sports.io/football/players/535737.png,Paraguay,2380
70852,O. Gill,25.0,12.0,Goalkeeper,https://media.api-sports.io/football/players/70852.png,Paraguay,2380
51733,G. Olveira,32.0,22.0,Goalkeeper,https://media.api-sports.io/football/players/51733.png,Paraguay,2380
6168,O. Alderete,29.0,3.0,Defender,https://media.api-sports.io/football/players/6168.png,Paraguay,2380
2499,J. Alonso,32.0,6.0,Defender,https://media.api-sports.io/football/players/2499.png,Paraguay,2380
195992,J. Cáceres,25.0,4.0,Defender,https://media.api-sports.io/football/players/195992.png,Paraguay,2380
2500,F. Balbuena,34.0,5.0,Defender,https://media.api-sports.io/football/players/2500.png,Paraguay,2380
2502,G. Gómez,32.0,15.0,Defender,https://media.api-sports.io/football/players/2502.png,Paraguay,2380
425020,A. Maidana,20.0,26.0,Defender,https://media.api-sports.io/football/players/425020.png,Paraguay,2380
35808,G. Velázquez,34.0,2.0,Defender,https://media.api-sports.io/football/players/35808.png,Paraguay,2380
70732,J. Canale,29.0,13.0,Defender,https://media.api-sports.io/football/players/70732.png,Paraguay,2380
195107,D. Bobadilla,24.0,16.0,Midfielder,https://media.api-sports.io/football/players/195107.png,Paraguay,2380
119128,G. Caballero,24.0,24.0,Midfielder,https://media.api-sports.io/football/players/119128.png,Paraguay,2380
6236,A. Cubas,29.0,14.0,Midfielder,https://media.api-sports.io/football/players/6236.png,Paraguay,2380
305832,M. Galarza,23.0,23.0,Midfielder,https://media.api-sports.io/football/players/305832.png,Paraguay,2380
278370,D. Gómez,22.0,8.0,Midfielder,https://media.api-sports.io/football/players/278370.png,Paraguay,2380
106485,Maurício,24.0,11.0,Midfielder,https://media.api-sports.io/football/players/106485.png,Paraguay,2380
70767,B. Ojeda,25.0,20.0,Midfielder,https://media.api-sports.io/football/players/70767.png,Paraguay,2380
196298,R. Sosa,26.0,7.0,Midfielder,https://media.api-sports.io/football/players/196298.png,Paraguay,2380
2507,M. Almirón,31.0,10.0,Midfielder,https://media.api-sports.io/football/players/2507.png,Paraguay,2380
2514,A. Romero,30.0,17.0,Attacker,https://media.api-sports.io/football/players/2514.png,Paraguay,2380
95460,A. Arce,30.0,18.0,Attacker,https://media.api-sports.io/football/players/95460.png,Paraguay,2380
6483,G. Ávalos,35.0,21.0,Attacker,https://media.api-sports.io/football/players/6483.png,Paraguay,2380
70747,J. Enciso,21.0,19.0,Attacker,https://media.api-sports.io/football/players/70747.png,Paraguay,2380
70670,I. Pitta,26.0,25.0,Attacker,https://media.api-sports.io/football/players/70670.png,Paraguay,2380
2522,A. Sanabria,29.0,9.0,Attacker,https://media.api-sports.io/football/players/2522.png,Paraguay,2380
64190,Y. Fofana,25.0,1.0,Goalkeeper,https://media.api-sports.io/football/players/64190.png,Ivory Coast,1501
277046,M. Koné,23.0,16.0,Goalkeeper,https://media.api-sports.io/football/players/277046.png,Ivory Coast,1501
30393,A. Lafont,26.0,23.0,Goalkeeper,https://media.api-sports.io/football/players/30393.png,Ivory Coast,1501
135068,E. Agbadou,28.0,20.0,Defender,https://media.api-sports.io/football/players/135068.png,Ivory Coast,1501
354753,O. Diomande,22.0,2.0,Defender,https://media.api-sports.io/football/players/354753.png,Ivory Coast,1501
161747,G. Doué,23.0,17.0,Defender,https://media.api-sports.io/football/players/161747.png,Ivory Coast,1501
22002,G. Konan,30.0,3.0,Defender,https://media.api-sports.io/football/players/22002.png,Ivory Coast,1501
48119,O. Kossounou,24.0,7.0,Defender,https://media.api-sports.io/football/players/48119.png,Ivory Coast,1501
1807,E. Ndicka,26.0,21.0,Defender,https://media.api-sports.io/football/players/1807.png,Ivory Coast,1501
20836,C. Operi,28.0,13.0,Defender,https://media.api-sports.io/football/players/20836.png,Ivory Coast,1501
30504,W. Singo,25.0,5.0,Defender,https://media.api-sports.io/football/players/30504.png,Ivory Coast,1501
30807,S. Fofana,30.0,6.0,Midfielder,https://media.api-sports.io/football/players/30807.png,Ivory Coast,1501
474591,C. Inao Oulai,19.0,26.0,Midfielder,https://media.api-sports.io/football/players/474591.png,Ivory Coast,1501
1642,F. Kessié,29.0,8.0,Midfielder,https://media.api-sports.io/football/players/1642.png,Ivory Coast,1501
22149,I. Sangaré,28.0,18.0,Midfielder,https://media.api-sports.io/football/players/22149.png,Ivory Coast,1501
3243,J. Seri,34.0,4.0,Midfielder,https://media.api-sports.io/football/players/3243.png,Ivory Coast,1501
263228,P. Guiagon,24.0,25.0,Midfielder,https://media.api-sports.io/football/players/263228.png,Ivory Coast,1501
387643,B. Touré,19.0,24.0,Attacker,https://media.api-sports.io/football/players/387643.png,Ivory Coast,1501
301771,S. Adingra,23.0,10.0,Attacker,https://media.api-sports.io/football/players/301771.png,Ivory Coast,1501
275651,A. Bonny,22.0,9.0,Attacker,https://media.api-sports.io/football/players/275651.png,Ivory Coast,1501
334429,O. Diakité,22.0,14.0,Midfielder,https://media.api-sports.io/football/players/334429.png,Ivory Coast,1501
157997,A. Diallo,23.0,15.0,Attacker,https://media.api-sports.io/football/players/157997.png,Ivory Coast,1501
513776,Y. Diomande,19.0,11.0,Midfielder,https://media.api-sports.io/football/players/513776.png,Ivory Coast,1501
137303,E. Guessand,24.0,22.0,Attacker,https://media.api-sports.io/football/players/137303.png,Ivory Coast,1501
3246,N. Pépé,30.0,19.0,Attacker,https://media.api-sports.io/football/players/3246.png,Ivory Coast,1501
162707,E. Wahi,22.0,12.0,Attacker,https://media.api-sports.io/football/players/162707.png,Ivory Coast,1501
550469,M. Alaa,26.0,26.0,Goalkeeper,https://media.api-sports.io/football/players/550469.png,Egypt,32
16797,Mohamed El Shenawy,37.0,1.0,Goalkeeper,https://media.api-sports.io/football/players/16797.png,Egypt,32
269174,Mostafa Shobeir,25.0,23.0,Goalkeeper,https://media.api-sports.io/football/players/269174.png,Egypt,32
16831,Al Mahdi Soliman,38.0,16.0,Goalkeeper,https://media.api-sports.io/football/players/16831.png,Egypt,32
269621,Hossam Abdelmaguid,24.0,4.0,Defender,https://media.api-sports.io/football/players/269621.png,Egypt,32
196343,Mohamed Abdelmonem,26.0,6.0,Defender,https://media.api-sports.io/football/players/196343.png,Egypt,32
2649,Ahmed Fatouh,27.0,13.0,Defender,https://media.api-sports.io/football/players/2649.png,Egypt,32
2656,Karim Hafez,29.0,15.0,Defender,https://media.api-sports.io/football/players/2656.png,Egypt,32
2654,Mohamed Hany,29.0,3.0,Defender,https://media.api-sports.io/football/players/2654.png,Egypt,32
16804,Yasser Ibrahim,32.0,2.0,Defender,https://media.api-sports.io/football/players/16804.png,Egypt,32
16805,Rami Rabia,32.0,5.0,Defender,https://media.api-sports.io/football/players/16805.png,Egypt,32
550371,T. Alaa,23.0,24.0,Defender,https://media.api-sports.io/football/players/550371.png,Egypt,32
17269,Emam Ashour,27.0,8.0,Midfielder,https://media.api-sports.io/football/players/17269.png,Egypt,32
190575,Marwan Attia,27.0,19.0,Midfielder,https://media.api-sports.io/football/players/190575.png,Egypt,32
2660,Nabil Emad Dunga,29.0,18.0,Midfielder,https://media.api-sports.io/football/players/2660.png,Egypt,32
16813,Hamdi Fathy,31.0,14.0,Defender,https://media.api-sports.io/football/players/16813.png,Egypt,32
16841,Mohanad Lasheen,29.0,17.0,Midfielder,https://media.api-sports.io/football/players/16841.png,Egypt,32
69196,Mahmoud Saber,24.0,21.0,Midfielder,https://media.api-sports.io/football/players/69196.png,Egypt,32
395075,Mostafa Zico,28.0,11.0,Midfielder,https://media.api-sports.io/football/players/395075.png,Egypt,32
2664,Trézéguet,31.0,7.0,Midfielder,https://media.api-sports.io/football/players/2664.png,Egypt,32
20844,H. Hassan,23.0,12.0,Midfielder,https://media.api-sports.io/football/players/20844.png,Egypt,32
664079,Ahmed Zizo,30.0,25.0,Attacker,https://media.api-sports.io/football/players/664079.png,Egypt,32
550547,H. Abdelkarim,17.0,9.0,Attacker,https://media.api-sports.io/football/players/550547.png,Egypt,32
70535,Ibrahim Adel,24.0,20.0,Attacker,https://media.api-sports.io/football/players/70535.png,Egypt,32
81573,Omar Marmoush,26.0,22.0,Attacker,https://media.api-sports.io/football/players/81573.png,Egypt,32
306,Mohamed Salah,33.0,10.0,Attacker,https://media.api-sports.io/football/players/306.png,Egypt,32
193288,Nawaf Al Aqidi,25.0,1.0,Goalkeeper,https://media.api-sports.io/football/players/193288.png,Saudi Arabia,23
44449,Ahmed Al Kassar,34.0,22.0,Goalkeeper,https://media.api-sports.io/football/players/44449.png,Saudi Arabia,23
44411,Mohammed Al Owais,34.0,21.0,Goalkeeper,https://media.api-sports.io/football/players/44411.png,Saudi Arabia,23
44594,Saud Abdulhamid,26.0,12.0,Defender,https://media.api-sports.io/football/players/44594.png,Saudi Arabia,23
403087,Mohammed Abu Al Shamat,23.0,26.0,Midfielder,https://media.api-sports.io/football/players/403087.png,Saudi Arabia,23
134995,Nawaf Boushal,26.0,13.0,Defender,https://media.api-sports.io/football/players/134995.png,Saudi Arabia,23
44475,Abdulelah Al Amri,28.0,4.0,Defender,https://media.api-sports.io/football/players/44475.png,Saudi Arabia,23
202381,Moteb Al Harbi,25.0,24.0,Defender,https://media.api-sports.io/football/players/202381.png,Saudi Arabia,23
44335,Hassan Kadesh,33.0,14.0,Defender,https://media.api-sports.io/football/players/44335.png,Saudi Arabia,23
44507,Ali Lajami,29.0,3.0,Defender,https://media.api-sports.io/football/players/44507.png,Saudi Arabia,23
44367,Ali Majrashi,26.0,2.0,Defender,https://media.api-sports.io/football/players/44367.png,Saudi Arabia,23
44362,Hassan Tambakti,26.0,5.0,Defender,https://media.api-sports.io/football/players/44362.png,Saudi Arabia,23
543059,J. Thakri,24.0,25.0,Defender,https://media.api-sports.io/football/players/543059.png,Saudi Arabia,23
44339,Nasser Al Dawsari,27.0,6.0,Midfielder,https://media.api-sports.io/football/players/44339.png,Saudi Arabia,23
44349,Mohamed Kanno,31.0,28.0,Midfielder,https://media.api-sports.io/football/players/44349.png,Saudi Arabia,23
269172,Ziyad Al Johani,24.0,16.0,Midfielder,https://media.api-sports.io/football/players/269172.png,Saudi Arabia,23
306380,Musab Al Juwayr,22.0,7.0,Attacker,https://media.api-sports.io/football/players/306380.png,Saudi Arabia,23
44315,Abdullah Al Khaibari,29.0,15.0,Midfielder,https://media.api-sports.io/football/players/44315.png,Saudi Arabia,23
593759,Ala Al Haji,29.0,30.0,Midfielder,https://media.api-sports.io/football/players/593759.png,Saudi Arabia,23
44701,Khalid Al Ghannam,25.0,17.0,Attacker,https://media.api-sports.io/football/players/44701.png,Saudi Arabia,23
2639,Sultan Mandash,31.0,27.0,Attacker,https://media.api-sports.io/football/players/2639.png,Saudi Arabia,23
147812,Ayman Yahya,24.0,8.0,Attacker,https://media.api-sports.io/football/players/147812.png,Saudi Arabia,23
44324,Feras Al Brikan,25.0,9.0,Attacker,https://media.api-sports.io/football/players/44324.png,Saudi Arabia,23
44382,Abdullah Al Hamdan,26.0,19.0,Attacker,https://media.api-sports.io/football/players/44382.png,Saudi Arabia,23
44551,Saleh Al Shehri,32.0,11.0,Attacker,https://media.api-sports.io/football/players/44551.png,Saudi Arabia,23
44340,Salem Al Dawsari,34.0,10.0,Midfielder,https://media.api-sports.io/football/players/44340.png,Saudi Arabia,23
280,Alisson Becker,33.0,1.0,Goalkeeper,https://media.api-sports.io/football/players/280.png,Brazil,6
617,Ederson,32.0,23.0,Goalkeeper,https://media.api-sports.io/football/players/617.png,Brazil,6
2410,Weverton,38.0,12.0,Goalkeeper,https://media.api-sports.io/football/players/2410.png,Brazil,6
860,Alex Sandro,34.0,6.0,Defender,https://media.api-sports.io/football/players/860.png,Brazil,6
30497,Bremer,28.0,14.0,Defender,https://media.api-sports.io/football/players/30497.png,Brazil,6
22224,Gabriel Magalhães,28.0,3.0,Defender,https://media.api-sports.io/football/players/22224.png,Brazil,6
30424,Ibañez,27.0,24.0,Defender,https://media.api-sports.io/football/players/30424.png,Brazil,6
10124,Léo Pereira,29.0,15.0,Defender,https://media.api-sports.io/football/players/10124.png,Brazil,6
257,Marquinhos,31.0,4.0,Defender,https://media.api-sports.io/football/players/257.png,Brazil,6
24866,Douglas Santos,31.0,16.0,Defender,https://media.api-sports.io/football/players/24866.png,Brazil,6
349001,Wesley,22.0,2.0,Defender,https://media.api-sports.io/football/players/349001.png,Brazil,6
618,Danilo,34.0,13.0,Defender,https://media.api-sports.io/football/players/618.png,Brazil,6
10135,Bruno Guimarães,28.0,8.0,Midfielder,https://media.api-sports.io/football/players/10135.png,Brazil,6
747,Casemiro,33.0,5.0,Midfielder,https://media.api-sports.io/football/players/747.png,Brazil,6
299,Fabinho,32.0,17.0,Midfielder,https://media.api-sports.io/football/players/299.png,Brazil,6
1646,Lucas Paquetá,28.0,20.0,Midfielder,https://media.api-sports.io/football/players/1646.png,Brazil,6
275170,Danilo Santos,24.0,18.0,Midfielder,https://media.api-sports.io/football/players/275170.png,Brazil,6
1165,Matheus Cunha,26.0,9.0,Attacker,https://media.api-sports.io/football/players/1165.png,Brazil,6
377122,Endrick,19.0,19.0,Attacker,https://media.api-sports.io/football/players/377122.png,Brazil,6
265785,Luiz Henrique,24.0,21.0,Midfielder,https://media.api-sports.io/football/players/265785.png,Brazil,6
127769,Gabriel Martinelli,24.0,22.0,Attacker,https://media.api-sports.io/football/players/127769.png,Brazil,6
276,Neymar,33.0,10.0,Attacker,https://media.api-sports.io/football/players/276.png,Brazil,6
1496,Raphinha,29.0,11.0,Midfielder,https://media.api-sports.io/football/players/1496.png,Brazil,6
407806,Rayan,19.0,26.0,Attacker,https://media.api-sports.io/football/players/407806.png,Brazil,6
196156,Thiago,24.0,25.0,Attacker,https://media.api-sports.io/football/players/196156.png,Brazil,6
762,Vinícius Júnior,25.0,7.0,Midfielder,https://media.api-sports.io/football/players/762.png,Brazil,6
26232,M. Flekken,32.0,23.0,Goalkeeper,https://media.api-sports.io/football/players/26232.png,Netherlands,1118
194536,R. Roefs,22.0,13.0,Goalkeeper,https://media.api-sports.io/football/players/194536.png,Netherlands,1118
129058,B. Verbruggen,23.0,1.0,Goalkeeper,https://media.api-sports.io/football/players/129058.png,Netherlands,1118
18861,N. Aké,30.0,5.0,Defender,https://media.api-sports.io/football/players/18861.png,Netherlands,1118
226,D. Dumfries,29.0,22.0,Defender,https://media.api-sports.io/football/players/226.png,Netherlands,1118
341642,J. Hato,19.0,25.0,Defender,https://media.api-sports.io/football/players/341642.png,Netherlands,1118
38746,J. Timber,24.0,2.0,Defender,https://media.api-sports.io/football/players/38746.png,Netherlands,1118
290,V. van Dijk,34.0,4.0,Defender,https://media.api-sports.io/football/players/290.png,Netherlands,1118
38695,J. van Hecke,25.0,6.0,Defender,https://media.api-sports.io/football/players/38695.png,Netherlands,1118
152849,M. van de Ven,24.0,15.0,Defender,https://media.api-sports.io/football/players/152849.png,Netherlands,1118
92993,M. Wieffer,26.0,12.0,Defender,https://media.api-sports.io/football/players/92993.png,Netherlands,1118
542,R. Gravenberch,23.0,8.0,Midfielder,https://media.api-sports.io/football/players/542.png,Netherlands,1118
36899,T. Koopmeiners,27.0,20.0,Midfielder,https://media.api-sports.io/football/players/36899.png,Netherlands,1118
36902,T. Reijnders,27.0,14.0,Midfielder,https://media.api-sports.io/football/players/36902.png,Netherlands,1118
36905,G. Til,28.0,16.0,Midfielder,https://media.api-sports.io/football/players/36905.png,Netherlands,1118
38747,Q. Timber,24.0,26.0,Midfielder,https://media.api-sports.io/football/players/38747.png,Netherlands,1118
538,F. de Jong,28.0,21.0,Midfielder,https://media.api-sports.io/football/players/538.png,Netherlands,1118
30432,M. de Roon,34.0,3.0,Midfielder,https://media.api-sports.io/football/players/30432.png,Netherlands,1118
792,J. Kluivert,26.0,7.0,Attacker,https://media.api-sports.io/football/players/792.png,Netherlands,1118
38750,B. Brobbey,23.0,19.0,Attacker,https://media.api-sports.io/football/players/38750.png,Netherlands,1118
667,M. Depay,31.0,10.0,Attacker,https://media.api-sports.io/football/players/667.png,Netherlands,1118
247,C. Gakpo,26.0,11.0,Attacker,https://media.api-sports.io/football/players/247.png,Netherlands,1118
544,N. Lang,26.0,17.0,Attacker,https://media.api-sports.io/football/players/544.png,Netherlands,1118
249,D. Malen,26.0,18.0,Attacker,https://media.api-sports.io/football/players/249.png,Netherlands,1118
37724,C. Summerville,24.0,24.0,Attacker,https://media.api-sports.io/football/players/37724.png,Netherlands,1118
25416,W. Weghorst,33.0,9.0,Attacker,https://media.api-sports.io/football/players/25416.png,Netherlands,1118
702,O. Baumann,35.0,12.0,Goalkeeper,https://media.api-sports.io/football/players/702.png,Germany,25
497,M. Neuer,39.0,1.0,Goalkeeper,https://media.api-sports.io/football/players/497.png,Germany,25
399,A. Nübel,29.0,21.0,Goalkeeper,https://media.api-sports.io/football/players/399.png,Germany,25
25368,W. Anton,29.0,3.0,Defender,https://media.api-sports.io/football/players/25368.png,Germany,25
280074,N. Brown,22.0,18.0,Defender,https://media.api-sports.io/football/players/280074.png,Germany,25
25158,D. Raum,27.0,22.0,Defender,https://media.api-sports.io/football/players/25158.png,Germany,25
2285,A. Rüdiger,32.0,2.0,Defender,https://media.api-sports.io/football/players/2285.png,Germany,25
26243,N. Schlotterbeck,26.0,15.0,Defender,https://media.api-sports.io/football/players/26243.png,Germany,25
972,J. Tah,29.0,4.0,Defender,https://media.api-sports.io/football/players/972.png,Germany,25
163189,M. Thiaw,24.0,24.0,Defender,https://media.api-sports.io/football/players/163189.png,Germany,25
502,J. Kimmich,30.0,6.0,Defender,https://media.api-sports.io/football/players/502.png,Germany,25
714,N. Amiri,29.0,20.0,Midfielder,https://media.api-sports.io/football/players/714.png,Germany,25
511,L. Goretzka,30.0,8.0,Midfielder,https://media.api-sports.io/football/players/511.png,Germany,25
18970,P. Groß,34.0,13.0,Midfielder,https://media.api-sports.io/football/players/18970.png,Germany,25
494131,L. Karl,17.0,25.0,Midfielder,https://media.api-sports.io/football/players/494131.png,Germany,25
128533,J. Leweling,24.0,9.0,Attacker,https://media.api-sports.io/football/players/128533.png,Germany,25
181812,J. Musiala,22.0,10.0,Midfielder,https://media.api-sports.io/football/players/181812.png,Germany,25
637,F. Nmecha,25.0,23.0,Midfielder,https://media.api-sports.io/football/players/637.png,Germany,25
328033,A. Pavlovic,21.0,5.0,Midfielder,https://media.api-sports.io/football/players/328033.png,Germany,25
644,L. Sané,30.0,19.0,Midfielder,https://media.api-sports.io/football/players/644.png,Germany,25
137210,A. Stiller,24.0,16.0,Midfielder,https://media.api-sports.io/football/players/137210.png,Germany,25
203224,F. Wirtz,22.0,17.0,Midfielder,https://media.api-sports.io/football/players/203224.png,Germany,25
978,K. Havertz,26.0,7.0,Attacker,https://media.api-sports.io/football/players/978.png,Germany,25
158644,M. Beier,23.0,14.0,Attacker,https://media.api-sports.io/football/players/158644.png,Germany,25
26475,D. Undav,29.0,26.0,Attacker,https://media.api-sports.io/football/players/26475.png,Germany,25
158054,N. Woltemade,23.0,11.0,Attacker,https://media.api-sports.io/football/players/158054.png,Germany,25
119853,M. Diaw,32.0,23.0,Goalkeeper,https://media.api-sports.io/football/players/119853.png,Senegal,13
20566,Y. Diouf,26.0,1.0,Goalkeeper,https://media.api-sports.io/football/players/20566.png,Senegal,13
2986,É. Mendy,33.0,16.0,Goalkeeper,https://media.api-sports.io/football/players/2986.png,Senegal,13
409303,E. Diouf,21.0,25.0,Defender,https://media.api-sports.io/football/players/409303.png,Senegal,13
158121,I. Jakobs,26.0,14.0,Midfielder,https://media.api-sports.io/football/players/158121.png,Senegal,13
318,K. Koulibaly,34.0,3.0,Defender,https://media.api-sports.io/football/players/318.png,Senegal,13
313937,A. Mendy,21.0,24.0,Defender,https://media.api-sports.io/football/players/313937.png,Senegal,13
25916,M. Niakhaté,29.0,19.0,Defender,https://media.api-sports.io/football/players/25916.png,Senegal,13
276184,M. Sarr,20.0,2.0,Defender,https://media.api-sports.io/football/players/276184.png,Senegal,13
8450,A. Seck,33.0,4.0,Defender,https://media.api-sports.io/football/players/8450.png,Senegal,13
81,K. Diatta,26.0,15.0,Defender,https://media.api-sports.io/football/players/81.png,Senegal,13
374058,L. Camara,21.0,8.0,Midfielder,https://media.api-sports.io/football/players/374058.png,Senegal,13
41552,P. Ciss,31.0,6.0,Midfielder,https://media.api-sports.io/football/players/41552.png,Senegal,13
327631,H. Diarra,21.0,21.0,Attacker,https://media.api-sports.io/football/players/327631.png,Senegal,13
2990,I. Gueye,36.0,5.0,Midfielder,https://media.api-sports.io/football/players/2990.png,Senegal,13
20696,P. Gueye,26.0,26.0,Midfielder,https://media.api-sports.io/football/players/20696.png,Senegal,13
630895,Bara Ndiaye,18.0,27.0,Midfielder,https://media.api-sports.io/football/players/630895.png,Senegal,13
237129,P. Sarr,23.0,17.0,Midfielder,https://media.api-sports.io/football/players/237129.png,Senegal,13
400948,Assane Diao,20.0,7.0,Attacker,https://media.api-sports.io/football/players/400948.png,Senegal,13
284072,B. Dieng,25.0,9.0,Attacker,https://media.api-sports.io/football/players/284072.png,Senegal,13
283058,N. Jackson,24.0,11.0,Attacker,https://media.api-sports.io/football/players/283058.png,Senegal,13
304,S. Mané,33.0,10.0,Attacker,https://media.api-sports.io/football/players/304.png,Senegal,13
446249,I. Mbaye,17.0,27.0,Attacker,https://media.api-sports.io/football/players/446249.png,Senegal,13
14379,C. Ndiaye,30.0,12.0,Attacker,https://media.api-sports.io/football/players/14379.png,Senegal,13
18592,I. Ndiaye,25.0,13.0,Midfielder,https://media.api-sports.io/football/players/18592.png,Senegal,13
2218,I. Sarr,27.0,18.0,Attacker,https://media.api-sports.io/football/players/2218.png,Senegal,13
35769,C. Acevedo,29.0,12.0,Goalkeeper,https://media.api-sports.io/football/players/35769.png,Mexico,16
2098,G. Ochoa,40.0,13.0,Goalkeeper,https://media.api-sports.io/football/players/2098.png,Mexico,16
270774,J. Rangel,25.0,1.0,Goalkeeper,https://media.api-sports.io/football/players/270774.png,Mexico,16
2881,J. Gallardo,31.0,23.0,Defender,https://media.api-sports.io/football/players/2881.png,Mexico,16
2873,C. Montes,28.0,3.0,Defender,https://media.api-sports.io/football/players/2873.png,Mexico,16
127227,I. Reyes,25.0,15.0,Defender,https://media.api-sports.io/football/players/127227.png,Mexico,16
2878,J. Sánchez,28.0,2.0,Defender,https://media.api-sports.io/football/players/2878.png,Mexico,16
35544,J. Vásquez,27.0,5.0,Defender,https://media.api-sports.io/football/players/35544.png,Mexico,16
2869,E. Álvarez,28.0,4.0,Midfielder,https://media.api-sports.io/football/players/2869.png,Mexico,16
390002,M. Chávez,21.0,20.0,Defender,https://media.api-sports.io/football/players/390002.png,Mexico,16
313383,O. Vargas,20.0,18.0,Midfielder,https://media.api-sports.io/football/players/313383.png,Mexico,16
35690,L. Chávez,29.0,24.0,Midfielder,https://media.api-sports.io/football/players/35690.png,Mexico,16
750,Álvaro Fidalgo,28.0,8.0,Midfielder,https://media.api-sports.io/football/players/750.png,Mexico,16
212233,B. Gutiérrez,22.0,26.0,Midfielder,https://media.api-sports.io/football/players/212233.png,Mexico,16
266345,É. Lira,25.0,6.0,Midfielder,https://media.api-sports.io/football/players/266345.png,Mexico,16
482605,G. Mora,17.0,19.0,Midfielder,https://media.api-sports.io/football/players/482605.png,Mexico,16
35576,O. Pineda,29.0,17.0,Midfielder,https://media.api-sports.io/football/players/35576.png,Mexico,16
35970,L. Romo,30.0,7.0,Midfielder,https://media.api-sports.io/football/players/35970.png,Mexico,16
2879,R. Alvarado,27.0,25.0,Midfielder,https://media.api-sports.io/football/players/2879.png,Mexico,16
94562,S. Giménez,24.0,11.0,Attacker,https://media.api-sports.io/football/players/94562.png,Mexico,16
291713,A. González,22.0,14.0,Attacker,https://media.api-sports.io/football/players/291713.png,Mexico,16
36111,C. Huerta,25.0,21.0,Midfielder,https://media.api-sports.io/football/players/36111.png,Mexico,16
2887,R. Jiménez,34.0,9.0,Attacker,https://media.api-sports.io/football/players/2887.png,Mexico,16
36088,G. Martínez,30.0,22.0,Attacker,https://media.api-sports.io/football/players/36088.png,Mexico,16
35532,J. Quiñones,28.0,16.0,Midfielder,https://media.api-sports.io/football/players/35532.png,Mexico,16
2889,A. Vega,28.0,10.0,Attacker,https://media.api-sports.io/football/players/2889.png,Mexico,16
480108,B. Asare,33.0,16.0,Goalkeeper,https://media.api-sports.io/football/players/480108.png,Ghana,1504
144709,J. Anang,25.0,12.0,Goalkeeper,https://media.api-sports.io/football/players/144709.png,Ghana,1504
3412,L. Zigi,29.0,1.0,Goalkeeper,https://media.api-sports.io/football/players/3412.png,Ghana,1504
369425,J. Adjetey,22.0,4.0,Defender,https://media.api-sports.io/football/players/369425.png,Ghana,1504
25341,D. Luckassen,30.0,23.0,Defender,https://media.api-sports.io/football/players/25341.png,Ghana,1504
7578,G. Mensah,27.0,14.0,Defender,https://media.api-sports.io/football/players/7578.png,Ghana,1504
196187,A. Seidu,26.0,2.0,Defender,https://media.api-sports.io/football/players/196187.png,Ghana,1504
137223,J. Opoku,27.0,18.0,Defender,https://media.api-sports.io/football/players/137223.png,Ghana,1504
404172,K. Peprah Oppong,21.0,21.0,Defender,https://media.api-sports.io/football/players/404172.png,Ghana,1504
15900,A. Mumin,28.0,6.0,Defender,https://media.api-sports.io/football/players/15900.png,Ghana,1504
191240,M. Senaya,24.0,26.0,Defender,https://media.api-sports.io/football/players/191240.png,Ghana,1504
21996,A. Baba,31.0,17.0,Defender,https://media.api-sports.io/football/players/21996.png,Ghana,1504
21010,E. Owusu,28.0,15.0,Midfielder,https://media.api-sports.io/football/players/21010.png,Ghana,1504
49,T. Partey,32.0,5.0,Midfielder,https://media.api-sports.io/football/players/49.png,Ghana,1504
3608,K. Sibo,27.0,8.0,Midfielder,https://media.api-sports.io/football/players/3608.png,Ghana,1504
475575,Caleb Marfo Yirenkyi,19.0,3.0,Midfielder,https://media.api-sports.io/football/players/475575.png,Ghana,1504
19281,A. Semenyo,25.0,11.0,Attacker,https://media.api-sports.io/football/players/19281.png,Ghana,1504
337426,A. Boakye,25.0,20.0,Midfielder,https://media.api-sports.io/football/players/337426.png,Ghana,1504
303467,A. Fatawu,21.0,7.0,Midfielder,https://media.api-sports.io/football/players/303467.png,Ghana,1504
410016,P. Adu,22.0,25.0,Midfielder,https://media.api-sports.io/football/players/410016.png,Ghana,1504
82090,B. Thomas-Asante,27.0,10.0,Attacker,https://media.api-sports.io/football/players/82090.png,Ghana,1504
3428,J. Ayew,34.0,9.0,Attacker,https://media.api-sports.io/football/players/3428.png,Ghana,1504
411800,C. Bonsu Baah,21.0,13.0,Attacker,https://media.api-sports.io/football/players/411800.png,Ghana,1504
47294,I. Williams,31.0,19.0,Attacker,https://media.api-sports.io/football/players/47294.png,Ghana,1504
350856,E. Nuamah,22.0,24.0,Attacker,https://media.api-sports.io/football/players/350856.png,Ghana,1504
199837,K. Sulemana,23.0,22.0,Attacker,https://media.api-sports.io/football/players/199837.png,Ghana,1504
524,D. Kotarski,25.0,23.0,Goalkeeper,https://media.api-sports.io/football/players/524.png,Croatia,3
1305,D. Livakovic,31.0,1.0,Goalkeeper,https://media.api-sports.io/football/players/1305.png,Croatia,3
14268,I. Pandur,25.0,12.0,Goalkeeper,https://media.api-sports.io/football/players/14268.png,Croatia,3
1902,D. Caleta-Car,29.0,5.0,Defender,https://media.api-sports.io/football/players/1902.png,Croatia,3
30827,M. Erlic,27.0,25.0,Defender,https://media.api-sports.io/football/players/30827.png,Croatia,3
129033,J. Gvardiol,23.0,4.0,Defender,https://media.api-sports.io/football/players/129033.png,Croatia,3
1084,M. Pongracic,28.0,3.0,Defender,https://media.api-sports.io/football/players/1084.png,Croatia,3
125171,J. Stanisic,25.0,2.0,Midfielder,https://media.api-sports.io/football/players/125171.png,Croatia,3
14701,J. Sutalo,25.0,6.0,Defender,https://media.api-sports.io/football/players/14701.png,Croatia,3
387521,L. Vuskovic,18.0,22.0,Defender,https://media.api-sports.io/football/players/387521.png,Croatia,3
295026,M. Baturina,22.0,16.0,Attacker,https://media.api-sports.io/football/players/295026.png,Croatia,3
284869,T. Fruk,24.0,19.0,Midfielder,https://media.api-sports.io/football/players/284869.png,Croatia,3
14395,K. Jakic,28.0,18.0,Midfielder,https://media.api-sports.io/football/players/14395.png,Croatia,3
2291,M. Kovacic,31.0,8.0,Midfielder,https://media.api-sports.io/football/players/2291.png,Croatia,3
754,L. Modric,40.0,10.0,Midfielder,https://media.api-sports.io/football/players/754.png,Croatia,3
1322,N. Moro,27.0,7.0,Midfielder,https://media.api-sports.io/football/players/1322.png,Croatia,3
2763,M. Pasalic,30.0,15.0,Midfielder,https://media.api-sports.io/football/players/2763.png,Croatia,3
7332,L. Sucic,23.0,21.0,Midfielder,https://media.api-sports.io/football/players/7332.png,Croatia,3
348205,P. Sucic,22.0,17.0,Attacker,https://media.api-sports.io/football/players/348205.png,Croatia,3
842,N. Vlasic,28.0,13.0,Midfielder,https://media.api-sports.io/football/players/842.png,Croatia,3
46746,A. Budimir,34.0,11.0,Attacker,https://media.api-sports.io/football/players/46746.png,Croatia,3
726,A. Kramaric,34.0,9.0,Attacker,https://media.api-sports.io/football/players/726.png,Croatia,3
202696,I. Matanovic,22.0,20.0,Attacker,https://media.api-sports.io/football/players/202696.png,Croatia,3
66055,P. Musa,27.0,26.0,Attacker,https://media.api-sports.io/football/players/66055.png,Croatia,3
260865,M. Pasalic,25.0,24.0,Attacker,https://media.api-sports.io/football/players/260865.png,Croatia,3
207,I. Perisic,36.0,14.0,Midfielder,https://media.api-sports.io/football/players/207.png,Croatia,3
19172,Ø. Nyland,35.0,1.0,Goalkeeper,https://media.api-sports.io/football/players/19172.png,Norway,1090
39082,E. Selvik,28.0,13.0,Goalkeeper,https://media.api-sports.io/football/players/39082.png,Norway,1090
264378,S. Tangvik,23.0,12.0,Goalkeeper,https://media.api-sports.io/football/players/264378.png,Norway,1090
1119,K. Ajer,27.0,3.0,Defender,https://media.api-sports.io/football/players/1119.png,Norway,1090
39058,F. Bjørkan,27.0,15.0,Defender,https://media.api-sports.io/football/players/39058.png,Norway,1090
180937,H. Falchener,22.0,25.0,Defender,https://media.api-sports.io/football/players/180937.png,Norway,1090
265444,S. Langås,24.0,24.0,Defender,https://media.api-sports.io/football/players/265444.png,Norway,1090
39254,T. Heggem,26.0,17.0,Defender,https://media.api-sports.io/football/players/39254.png,Norway,1090
18967,L. Østigård,26.0,4.0,Defender,https://media.api-sports.io/football/players/18967.png,Norway,1090
39362,M. Pedersen,25.0,16.0,Defender,https://media.api-sports.io/football/players/39362.png,Norway,1090
265782,D. Møller Wolfe,23.0,5.0,Defender,https://media.api-sports.io/football/players/265782.png,Norway,1090
277930,T. Aasgaard,23.0,19.0,Midfielder,https://media.api-sports.io/football/players/277930.png,Norway,1090
39043,F. Aursnes,30.0,14.0,Midfielder,https://media.api-sports.io/football/players/39043.png,Norway,1090
39064,P. Berg,28.0,6.0,Midfielder,https://media.api-sports.io/football/players/39064.png,Norway,1090
1934,S. Berge,27.0,8.0,Midfielder,https://media.api-sports.io/football/players/1934.png,Norway,1090
278133,Oscar Bobb,22.0,22.0,Midfielder,https://media.api-sports.io/football/players/278133.png,Norway,1090
37127,M. Ødegaard,27.0,10.0,Midfielder,https://media.api-sports.io/football/players/37127.png,Norway,1090
36980,M. Thorsby,29.0,2.0,Midfielder,https://media.api-sports.io/football/players/36980.png,Norway,1090
39143,K. Thorstvedt,26.0,18.0,Midfielder,https://media.api-sports.io/football/players/39143.png,Norway,1090
301528,A. Schjelderup,21.0,21.0,Attacker,https://media.api-sports.io/football/players/301528.png,Norway,1090
39073,J. Hauge,26.0,23.0,Midfielder,https://media.api-sports.io/football/players/39073.png,Norway,1090
1100,E. Haaland,25.0,9.0,Attacker,https://media.api-sports.io/football/players/1100.png,Norway,1090
2032,J. Strand Larsen,25.0,11.0,Attacker,https://media.api-sports.io/football/players/2032.png,Norway,1090
314511,A. Nusa,20.0,20.0,Midfielder,https://media.api-sports.io/football/players/314511.png,Norway,1090
8492,A. Sørloth,30.0,7.0,Attacker,https://media.api-sports.io/football/players/8492.png,Norway,1090
24845,J. Ryerson,28.0,26.0,Defender,https://media.api-sports.io/football/players/24845.png,Norway,1090
19599,E. Martínez,33.0,23.0,Goalkeeper,https://media.api-sports.io/football/players/19599.png,Argentina,26
2465,J. Musso,31.0,1.0,Goalkeeper,https://media.api-sports.io/football/players/2465.png,Argentina,26
47296,G. Rulli,33.0,12.0,Goalkeeper,https://media.api-sports.io/football/players/47296.png,Argentina,26
6,L. Balerdi,26.0,2.0,Defender,https://media.api-sports.io/football/players/6.png,Argentina,26
2467,Lisandro Martínez,27.0,6.0,Defender,https://media.api-sports.io/football/players/2467.png,Argentina,26
6231,F. Medina,26.0,25.0,Defender,https://media.api-sports.io/football/players/6231.png,Argentina,26
6503,N. Molina,27.0,26.0,Defender,https://media.api-sports.io/football/players/6503.png,Argentina,26
2468,G. Montiel,28.0,4.0,Defender,https://media.api-sports.io/football/players/2468.png,Argentina,26
624,N. Otamendi,37.0,19.0,Defender,https://media.api-sports.io/football/players/624.png,Argentina,26
30776,C. Romero,27.0,13.0,Defender,https://media.api-sports.io/football/players/30776.png,Argentina,26
529,N. Tagliafico,33.0,3.0,Defender,https://media.api-sports.io/football/players/529.png,Argentina,26
319572,V. Barco,21.0,8.0,Midfielder,https://media.api-sports.io/football/players/319572.png,Argentina,26
5996,E. Fernández,24.0,24.0,Midfielder,https://media.api-sports.io/football/players/5996.png,Argentina,26
1578,G. Lo Celso,29.0,11.0,Midfielder,https://media.api-sports.io/football/players/1578.png,Argentina,26
6716,A. Mac Allister,27.0,20.0,Midfielder,https://media.api-sports.io/football/players/6716.png,Argentina,26
6002,E. Palacios,27.0,14.0,Midfielder,https://media.api-sports.io/football/players/6002.png,Argentina,26
271,L. Paredes,31.0,5.0,Midfielder,https://media.api-sports.io/football/players/271.png,Argentina,26
26315,N. González,27.0,15.0,Attacker,https://media.api-sports.io/football/players/26315.png,Argentina,26
2472,R. De Paul,31.0,7.0,Midfielder,https://media.api-sports.io/football/players/2472.png,Argentina,26
6067,T. Almada,24.0,16.0,Attacker,https://media.api-sports.io/football/players/6067.png,Argentina,26
6009,J. Álvarez,25.0,9.0,Attacker,https://media.api-sports.io/football/players/6009.png,Argentina,26
350037,N. Paz,21.0,18.0,Attacker,https://media.api-sports.io/football/players/350037.png,Argentina,26
295513,J. López,25.0,21.0,Attacker,https://media.api-sports.io/football/players/295513.png,Argentina,26
217,Lautaro Martínez,28.0,22.0,Attacker,https://media.api-sports.io/football/players/217.png,Argentina,26
154,L. Messi,38.0,10.0,Attacker,https://media.api-sports.io/football/players/154.png,Argentina,26
323935,G. Simeone,23.0,17.0,Midfielder,https://media.api-sports.io/football/players/323935.png,Argentina,26
61895,S. Mele,28.0,12.0,Goalkeeper,https://media.api-sports.io/football/players/61895.png,Uruguay,7
429,F. Muslera,39.0,23.0,Goalkeeper,https://media.api-sports.io/football/players/429.png,Uruguay,7
50077,S. Rochet,32.0,1.0,Goalkeeper,https://media.api-sports.io/football/players/50077.png,Uruguay,7
101814,R. Araújo,26.0,4.0,Defender,https://media.api-sports.io/football/players/101814.png,Uruguay,7
135334,S. Bueno,27.0,24.0,Defender,https://media.api-sports.io/football/players/135334.png,Uruguay,7
51535,S. Cáceres,26.0,3.0,Defender,https://media.api-sports.io/football/players/51535.png,Uruguay,7
31,J. Giménez,30.0,2.0,Defender,https://media.api-sports.io/football/players/31.png,Uruguay,7
47254,M. Olivera,28.0,16.0,Defender,https://media.api-sports.io/football/players/47254.png,Uruguay,7
1290,G. Varela,32.0,13.0,Defender,https://media.api-sports.io/football/players/1290.png,Uruguay,7
51572,M. Viña,28.0,17.0,Defender,https://media.api-sports.io/football/players/51572.png,Uruguay,7
863,R. Bentancur,28.0,6.0,Midfielder,https://media.api-sports.io/football/players/863.png,Uruguay,7
153083,E. Martínez,26.0,15.0,Midfielder,https://media.api-sports.io/football/players/153083.png,Uruguay,7
162891,J. Sanabria,25.0,25.0,Midfielder,https://media.api-sports.io/football/players/162891.png,Uruguay,7
51494,M. Ugarte,24.0,5.0,Midfielder,https://media.api-sports.io/football/players/51494.png,Uruguay,7
756,F. Valverde,27.0,8.0,Midfielder,https://media.api-sports.io/football/players/756.png,Uruguay,7
108563,R. Zalazar,26.0,26.0,Midfielder,https://media.api-sports.io/football/players/108563.png,Uruguay,7
2612,G. de Arrascaeta,31.0,10.0,Midfielder,https://media.api-sports.io/football/players/2612.png,Uruguay,7
5995,N. de la Cruz,28.0,7.0,Midfielder,https://media.api-sports.io/football/players/5995.png,Uruguay,7
51776,M. Araújo,25.0,20.0,Midfielder,https://media.api-sports.io/football/players/51776.png,Uruguay,7
51603,A. Canobbio,27.0,14.0,Midfielder,https://media.api-sports.io/football/players/51603.png,Uruguay,7
16482,R. Aguirre,31.0,19.0,Attacker,https://media.api-sports.io/football/players/16482.png,Uruguay,7
51466,J. Piquerez,27.0,22.0,Attacker,https://media.api-sports.io/football/players/51466.png,Uruguay,7
51617,D. Núñez,26.0,9.0,Attacker,https://media.api-sports.io/football/players/51617.png,Uruguay,7
70078,F. Pellistri,24.0,11.0,Attacker,https://media.api-sports.io/football/players/70078.png,Uruguay,7
51618,B. Rodríguez,25.0,18.0,Attacker,https://media.api-sports.io/football/players/51618.png,Uruguay,7
51530,F. Viñas,27.0,21.0,Attacker,https://media.api-sports.io/football/players/51530.png,Uruguay,7
49423,S. Ben Hsan,29.0,22.0,Goalkeeper,https://media.api-sports.io/football/players/49423.png,Tunisia,28
533394,C. Abdelmouhib,24.0,1.0,Goalkeeper,https://media.api-sports.io/football/players/533394.png,Tunisia,28
49424,A. Dahmen,28.0,16.0,Goalkeeper,https://media.api-sports.io/football/players/49424.png,Tunisia,28
49583,A. Abdi,32.0,2.0,Defender,https://media.api-sports.io/football/players/49583.png,Tunisia,28
393977,A. Arous,21.0,5.0,Defender,https://media.api-sports.io/football/players/393977.png,Tunisia,28
135059,A. Ben Hmida,30.0,21.0,Defender,https://media.api-sports.io/football/players/135059.png,Tunisia,28
2945,D. Bronn,30.0,6.0,Defender,https://media.api-sports.io/football/players/2945.png,Tunisia,28
533360,R. Chikhaoui,21.0,24.0,Defender,https://media.api-sports.io/football/players/533360.png,Tunisia,28
375608,M. Neffati,21.0,23.0,Defender,https://media.api-sports.io/football/players/375608.png,Tunisia,28
163068,O. Rekik,24.0,4.0,Defender,https://media.api-sports.io/football/players/163068.png,Tunisia,28
50030,M. Talbi,27.0,3.0,Defender,https://media.api-sports.io/football/players/50030.png,Tunisia,28
18942,Y. Valery,26.0,20.0,Defender,https://media.api-sports.io/football/players/18942.png,Tunisia,28
49469,M. Ben Ouanes,31.0,12.0,Midfielder,https://media.api-sports.io/football/players/49469.png,Tunisia,28
533295,K. Ayari,20.0,14.0,Midfielder,https://media.api-sports.io/football/players/533295.png,Tunisia,28
310196,Ismaël Gharbi,21.0,11.0,Attacker,https://media.api-sports.io/football/players/310196.png,Tunisia,28
25300,R. Khedira,31.0,13.0,Midfielder,https://media.api-sports.io/football/players/25300.png,Tunisia,28
180560,H. Mejbri,22.0,10.0,Midfielder,https://media.api-sports.io/football/players/180560.png,Tunisia,28
21587,E. Skhiri,30.0,17.0,Midfielder,https://media.api-sports.io/football/players/21587.png,Tunisia,28
199310,A. Ben Slimane,24.0,25.0,Midfielder,https://media.api-sports.io/football/players/199310.png,Tunisia,28
67195,H. Mahmoud,25.0,15.0,Midfielder,https://media.api-sports.io/football/players/67195.png,Tunisia,28
57518,S. Tounekti,23.0,26.0,Attacker,https://media.api-sports.io/football/players/57518.png,Tunisia,28
42012,E. Achouri,26.0,7.0,Midfielder,https://media.api-sports.io/football/players/42012.png,Tunisia,28
2962,F. Chaouat,29.0,19.0,Attacker,https://media.api-sports.io/football/players/2962.png,Tunisia,28
566059,R. Elloumi,18.0,18.0,Attacker,https://media.api-sports.io/football/players/566059.png,Tunisia,28
344862,H. Mastouri,28.0,9.0,Attacker,https://media.api-sports.io/football/players/344862.png,Tunisia,28
323974,E. Saad,26.0,8.0,Attacker,https://media.api-sports.io/football/players/323974.png,Tunisia,28
730,T. Courtois,33.0,1.0,Goalkeeper,https://media.api-sports.io/football/players/730.png,Belgium,1
162511,S. Lammens,23.0,12.0,Goalkeeper,https://media.api-sports.io/football/players/162511.png,Belgium,1
340151,M. Penders,20.0,13.0,Goalkeeper,https://media.api-sports.io/football/players/340151.png,Belgium,1
2920,T. Castagne,30.0,21.0,Defender,https://media.api-sports.io/football/players/2920.png,Belgium,1
162007,M. De Cuyper,25.0,5.0,Defender,https://media.api-sports.io/football/players/162007.png,Belgium,1
162141,K. De Winter,23.0,16.0,Defender,https://media.api-sports.io/football/players/162141.png,Belgium,1
304228,Z. Debast,22.0,2.0,Defender,https://media.api-sports.io/football/players/304228.png,Belgium,1
69,B. Mechele,32.0,4.0,Defender,https://media.api-sports.io/football/players/69.png,Belgium,1
264,T. Meunier,34.0,15.0,Defender,https://media.api-sports.io/football/players/264.png,Belgium,1
312964,N. Ngoy,22.0,25.0,Defender,https://media.api-sports.io/football/players/312964.png,Belgium,1
375974,J. Seys,20.0,18.0,Defender,https://media.api-sports.io/football/players/375974.png,Belgium,1
204043,A. Theate,25.0,3.0,Defender,https://media.api-sports.io/football/players/204043.png,Belgium,1
629,K. De Bruyne,34.0,7.0,Midfielder,https://media.api-sports.io/football/players/629.png,Belgium,1
162714,A. Onana,24.0,24.0,Midfielder,https://media.api-sports.io/football/players/162714.png,Belgium,1
2120,N. Raskin,24.0,23.0,Midfielder,https://media.api-sports.io/football/players/2120.png,Belgium,1
1417,A. Saelemaekers,26.0,22.0,Attacker,https://media.api-sports.io/football/players/1417.png,Belgium,1
2926,Y. Tielemans,28.0,8.0,Midfielder,https://media.api-sports.io/football/players/2926.png,Belgium,1
335056,D. Moreira,21.0,19.0,Attacker,https://media.api-sports.io/football/players/335056.png,Belgium,1
78,H. Vanaken,33.0,20.0,Midfielder,https://media.api-sports.io/football/players/78.png,Belgium,1
20,A. Witsel,36.0,6.0,Midfielder,https://media.api-sports.io/football/players/20.png,Belgium,1
1422,J. Doku,23.0,11.0,Midfielder,https://media.api-sports.io/football/players/1422.png,Belgium,1
340077,M. Fernandez-Pardo,20.0,26.0,Attacker,https://media.api-sports.io/football/players/340077.png,Belgium,1
907,R. Lukaku,32.0,9.0,Attacker,https://media.api-sports.io/football/players/907.png,Belgium,1
25458,D. Lukebakio,28.0,14.0,Attacker,https://media.api-sports.io/football/players/25458.png,Belgium,1
147859,C. De Ketelaere,24.0,17.0,Attacker,https://media.api-sports.io/football/players/147859.png,Belgium,1
1946,L. Trossard,31.0,10.0,Midfielder,https://media.api-sports.io/football/players/1946.png,Belgium,1
123468,M. Keller,23.0,21.0,Goalkeeper,https://media.api-sports.io/football/players/123468.png,Switzerland,15
25282,G. Kobel,28.0,1.0,Goalkeeper,https://media.api-sports.io/football/players/25282.png,Switzerland,15
1142,Y. Mvogo,31.0,12.0,Goalkeeper,https://media.api-sports.io/football/players/1142.png,Switzerland,15
5,M. Akanji,30.0,5.0,Defender,https://media.api-sports.io/football/players/5.png,Switzerland,15
162414,A. Amenda,22.0,24.0,Defender,https://media.api-sports.io/football/players/162414.png,Switzerland,15
48372,E. Cömert,27.0,18.0,Defender,https://media.api-sports.io/football/players/48372.png,Switzerland,15
2803,N. Elvedi,29.0,4.0,Defender,https://media.api-sports.io/football/players/2803.png,Switzerland,15
349344,L. Jaquez,22.0,25.0,Defender,https://media.api-sports.io/football/players/349344.png,Switzerland,15
48489,M. Muheim,27.0,2.0,Defender,https://media.api-sports.io/football/players/48489.png,Switzerland,15
1631,R. Rodríguez,33.0,13.0,Defender,https://media.api-sports.io/football/players/1631.png,Switzerland,15
48378,S. Widmer,32.0,3.0,Defender,https://media.api-sports.io/football/players/48378.png,Switzerland,15
951,M. Aebischer,28.0,20.0,Midfielder,https://media.api-sports.io/football/players/951.png,Switzerland,15
2807,R. Freuler,33.0,8.0,Midfielder,https://media.api-sports.io/football/players/2807.png,Switzerland,15
264705,A. Jashari,23.0,14.0,Midfielder,https://media.api-sports.io/football/players/264705.png,Switzerland,15
957,D. Sow,28.0,15.0,Midfielder,https://media.api-sports.io/football/players/957.png,Switzerland,15
1464,G. Xhaka,33.0,10.0,Midfielder,https://media.api-sports.io/football/players/1464.png,Switzerland,15
2810,D. Zakaria,29.0,6.0,Midfielder,https://media.api-sports.io/football/players/2810.png,Switzerland,15
952,C. Fassnacht,32.0,16.0,Midfielder,https://media.api-sports.io/football/players/952.png,Switzerland,15
48497,C. Itten,29.0,26.0,Attacker,https://media.api-sports.io/football/players/48497.png,Switzerland,15
163032,F. Rieder,23.0,22.0,Midfielder,https://media.api-sports.io/football/players/163032.png,Switzerland,15
48471,R. Vargas,27.0,17.0,Attacker,https://media.api-sports.io/football/players/48471.png,Switzerland,15
123469,Z. Amdouni,25.0,23.0,Attacker,https://media.api-sports.io/football/players/123469.png,Switzerland,15
421,B. Embolo,28.0,7.0,Attacker,https://media.api-sports.io/football/players/421.png,Switzerland,15
406244,J. Manzambi,20.0,9.0,Attacker,https://media.api-sports.io/football/players/406244.png,Switzerland,15
48389,N. Okafor,25.0,19.0,Attacker,https://media.api-sports.io/football/players/48389.png,Switzerland,15
48648,D. Ndoye,25.0,11.0,Midfielder,https://media.api-sports.io/football/players/48648.png,Switzerland,15
158700,V. Johansson,27.0,12.0,Goalkeeper,https://media.api-sports.io/football/players/158700.png,Sweden,5
2851,K. Nordfeldt,36.0,23.0,Goalkeeper,https://media.api-sports.io/football/players/2851.png,Sweden,5
48033,J. Widell Zetterström,27.0,1.0,Goalkeeper,https://media.api-sports.io/football/players/48033.png,Sweden,5
47903,H. Ekdal,27.0,14.0,Defender,https://media.api-sports.io/football/players/47903.png,Sweden,5
47969,G. Gudmundsson,26.0,5.0,Midfielder,https://media.api-sports.io/football/players/47969.png,Sweden,5
137976,I. Hien,26.0,4.0,Defender,https://media.api-sports.io/football/players/137976.png,Sweden,5
137721,G. Lagerbielke,25.0,2.0,Defender,https://media.api-sports.io/football/players/137721.png,Sweden,5
889,V. Lindelöf,31.0,3.0,Defender,https://media.api-sports.io/football/players/889.png,Sweden,5
47988,C. Starfelt,30.0,15.0,Defender,https://media.api-sports.io/football/players/47988.png,Sweden,5
161504,H. Johansson,28.0,6.0,Midfielder,https://media.api-sports.io/football/players/161504.png,Sweden,5
8486,E. Smith,28.0,20.0,Defender,https://media.api-sports.io/football/players/8486.png,Sweden,5
226765,E. Stroud,23.0,24.0,Midfielder,https://media.api-sports.io/football/players/226765.png,Sweden,5
198654,D. Svensson,23.0,8.0,Defender,https://media.api-sports.io/football/players/198654.png,Sweden,5
47696,A. Bernhardsson,27.0,21.0,Midfielder,https://media.api-sports.io/football/players/47696.png,Sweden,5
265820,Y. Ayari,22.0,18.0,Midfielder,https://media.api-sports.io/football/players/265820.png,Sweden,5
347316,L. Bergvall,19.0,7.0,Midfielder,https://media.api-sports.io/football/players/347316.png,Sweden,5
48002,B. Nygren,24.0,10.0,Attacker,https://media.api-sports.io/football/players/48002.png,Sweden,5
48047,J. Karlström,30.0,16.0,Midfielder,https://media.api-sports.io/football/players/48047.png,Sweden,5
2860,K. Sema,32.0,13.0,Midfielder,https://media.api-sports.io/football/players/2860.png,Sweden,5
30484,M. Svanberg,26.0,19.0,Midfielder,https://media.api-sports.io/football/players/30484.png,Sweden,5
350850,B. Zeneli,23.0,22.0,Midfielder,https://media.api-sports.io/football/players/350850.png,Sweden,5
160925,T. Ali,27.0,26.0,Midfielder,https://media.api-sports.io/football/players/160925.png,Sweden,5
153430,A. Elanga,23.0,11.0,Attacker,https://media.api-sports.io/football/players/153430.png,Sweden,5
18979,V. Gyökeres,27.0,17.0,Attacker,https://media.api-sports.io/football/players/18979.png,Sweden,5
2864,A. Isak,26.0,9.0,Attacker,https://media.api-sports.io/football/players/2864.png,Sweden,5
15683,G. Nilsson,28.0,25.0,Attacker,https://media.api-sports.io/football/players/15683.png,Sweden,5
369,Diogo Costa,26.0,1.0,Goalkeeper,https://media.api-sports.io/football/players/369.png,Portugal,27
1590,José Sá,32.0,12.0,Goalkeeper,https://media.api-sports.io/football/players/1590.png,Portugal,27
46672,Rui Silva,31.0,22.0,Goalkeeper,https://media.api-sports.io/football/players/46672.png,Portugal,27
161939,Tomás Araújo,23.0,4.0,Defender,https://media.api-sports.io/football/players/161939.png,Portugal,27
855,João Cancelo,31.0,20.0,Defender,https://media.api-sports.io/football/players/855.png,Portugal,27
886,Diogo Dalot,26.0,5.0,Defender,https://media.api-sports.io/football/players/886.png,Portugal,27
567,Rúben Dias,28.0,3.0,Defender,https://media.api-sports.io/football/players/567.png,Portugal,27
265595,Gonçalo Inácio,24.0,14.0,Defender,https://media.api-sports.io/football/players/265595.png,Portugal,27
263482,Nuno Mendes,23.0,25.0,Defender,https://media.api-sports.io/football/players/263482.png,Portugal,27
130,Nélson Semedo,32.0,2.0,Defender,https://media.api-sports.io/football/players/130.png,Portugal,27
336671,Renato Veiga,22.0,13.0,Defender,https://media.api-sports.io/football/players/336671.png,Portugal,27
190485,Samú Costa,25.0,24.0,Midfielder,https://media.api-sports.io/football/players/190485.png,Portugal,27
1485,Bruno Fernandes,31.0,8.0,Midfielder,https://media.api-sports.io/football/players/1485.png,Portugal,27
335051,João Neves,21.0,15.0,Midfielder,https://media.api-sports.io/football/players/335051.png,Portugal,27
2676,Rúben Neves,28.0,21.0,Midfielder,https://media.api-sports.io/football/players/2676.png,Portugal,27
41621,Matheus Nunes,27.0,6.0,Midfielder,https://media.api-sports.io/football/players/41621.png,Portugal,27
636,Bernardo Silva,31.0,10.0,Midfielder,https://media.api-sports.io/football/players/636.png,Portugal,27
128384,Vitinha,25.0,23.0,Midfielder,https://media.api-sports.io/football/players/128384.png,Portugal,27
161585,Francisco Conceição,23.0,26.0,Midfielder,https://media.api-sports.io/football/players/161585.png,Portugal,27
925,Gonçalo Guedes,29.0,19.0,Attacker,https://media.api-sports.io/football/players/925.png,Portugal,27
583,João Félix,26.0,11.0,Attacker,https://media.api-sports.io/football/players/583.png,Portugal,27
22236,Rafael Leão,26.0,17.0,Midfielder,https://media.api-sports.io/football/players/22236.png,Portugal,27
1864,Pedro Neto,25.0,18.0,Attacker,https://media.api-sports.io/football/players/1864.png,Portugal,27
41585,Gonçalo Ramos,24.0,9.0,Attacker,https://media.api-sports.io/football/players/41585.png,Portugal,27
874,Cristiano Ronaldo,40.0,7.0,Attacker,https://media.api-sports.io/football/players/874.png,Portugal,27
41112,Trincão,26.0,16.0,Attacker,https://media.api-sports.io/football/players/41112.png,Portugal,27
266606,C. Brady,21.0,25.0,Goalkeeper,https://media.api-sports.io/football/players/266606.png,USA,2384
50728,M. Freese,27.0,24.0,Goalkeeper,https://media.api-sports.io/football/players/50728.png,USA,2384
50999,M. Turner,31.0,1.0,Goalkeeper,https://media.api-sports.io/football/players/50999.png,USA,2384
38735,S. Dest,25.0,2.0,Midfielder,https://media.api-sports.io/football/players/38735.png,USA,2384
355994,A. Freeman,21.0,16.0,Defender,https://media.api-sports.io/football/players/355994.png,USA,2384
50735,M. McKenzie,26.0,22.0,Defender,https://media.api-sports.io/football/players/50735.png,USA,2384
19023,T. Ream,38.0,13.0,Defender,https://media.api-sports.io/football/players/19023.png,USA,2384
126949,C. Richards,25.0,3.0,Defender,https://media.api-sports.io/football/players/126949.png,USA,2384
19549,A. Robinson,28.0,5.0,Midfielder,https://media.api-sports.io/football/players/19549.png,USA,2384
50879,M. Robinson,28.0,12.0,Defender,https://media.api-sports.io/football/players/50879.png,USA,2384
50852,J. Scally,23.0,23.0,Defender,https://media.api-sports.io/football/players/50852.png,USA,2384
50737,A. Trusty,27.0,6.0,Defender,https://media.api-sports.io/football/players/50737.png,USA,2384
362400,M. Arfsten,24.0,18.0,Midfielder,https://media.api-sports.io/football/players/362400.png,USA,2384
201713,S. Berhalter,24.0,14.0,Midfielder,https://media.api-sports.io/football/players/201713.png,USA,2384
415,W. McKennie,27.0,8.0,Midfielder,https://media.api-sports.io/football/players/415.png,USA,2384
161921,G. Reyna,23.0,7.0,Attacker,https://media.api-sports.io/football/players/161921.png,USA,2384
51114,C. Roldan,30.0,15.0,Midfielder,https://media.api-sports.io/football/players/51114.png,USA,2384
162037,M. Tillman,23.0,17.0,Midfielder,https://media.api-sports.io/football/players/162037.png,USA,2384
1150,T. Adams,27.0,4.0,Midfielder,https://media.api-sports.io/football/players/1150.png,USA,2384
1138,T. Weah,25.0,21.0,Attacker,https://media.api-sports.io/football/players/1138.png,USA,2384
35885,A. Zendejas,28.0,26.0,Attacker,https://media.api-sports.io/football/players/35885.png,USA,2384
50739,B. Aaronson,25.0,11.0,Midfielder,https://media.api-sports.io/football/players/50739.png,USA,2384
138835,F. Balogun,24.0,20.0,Attacker,https://media.api-sports.io/football/players/138835.png,USA,2384
73868,R. Pepi,22.0,9.0,Attacker,https://media.api-sports.io/football/players/73868.png,USA,2384
17,C. Pulisic,27.0,10.0,Attacker,https://media.api-sports.io/football/players/17.png,USA,2384
427,H. Wright,27.0,19.0,Attacker,https://media.api-sports.io/football/players/427.png,USA,2384
